Nama Pos,Kabupaten,Kecamatan,Tanggal,Jan,Feb,Mar,Apr,Mei,Jun,Jul,Ags,Sep,Okt,Nov,Des
Banjar Provinsi : Jawa Tengah,Blora,Banjarejo,1,190.0,0.0,520.0,870.0,0.0,0.0,0.0,0.0,0.0,0.0,0.0,110.0
Banjar Provinsi : Jawa Tengah,Blora,Banjarejo,2,0.0,150.0,430.0,910.0,0.0,0.0,0.0,0.0,0.0,0.0,0.0,260.0
Banjar Provinsi : Jawa Tengah,Blora,Banjarejo,3,320.0,0.0,0.0,0.0,0.0,0.0,0.0,0.0,0.0,60.0,210.0,10.0
Banjar Provinsi : Jawa Tengah,Blora,Banjarejo,4,0.0,220.0,80.0,0.0,0.0,0.0,0.0,0.0,0.0,0.0,0.0,70.0
Banjar Provinsi : Jawa Tengah,Blora,Banjarejo,5,520.0,20.0,0.0,0.0,0.0,0.0,0.0,0.0,0.0,0.0,0.0,20.0
Banjar Provinsi : Jawa Tengah,Blora,Banjarejo,6,0.0,0.0,0.0,780.0,0.0,90.0,0.0,0.0,0.0,0.0,0.0,110.0
Banjar Provinsi : Jawa Tengah,Blora,Banjarejo,7,0.0,60.0,0.0,0.0,230.0,100.0,0.0,0.0,0.0,0.0,0.0,290.0
Banjar Provinsi : Jawa Tengah,Blora,Banjarejo,8,0.0,80.0,360.0,0.0,0.0,50.0,0.0,0.0,0.0,0.0,0.0,0.0
Banjar Provinsi : Jawa Tengah,Blora,Banjarejo,9,100.0,0.0,0.0,0.0,0.0,0.0,0.0,0.0,0.0,0.0,70.0,0.0
Banjar Provinsi : Jawa Tengah,Blora,Banjarejo,10,0.0,130.0,210.0,0.0,320.0,0.0,0.0,0.0,0.0,270.0,150.0,0.0
Banjar Provinsi : Jawa Tengah,Blora,Banjarejo,11,0.0,0.0,570.0,0.0,210.0,0.0,0.0,0.0,0.0,0.0,120.0,0.0
Banjar Provinsi : Jawa Tengah,Blora,Banjarejo,12,0.0,0.0,300.0,0.0,0.0,0.0,0.0,0.0,0.0,0.0,0.0,0.0
Banjar Provinsi : Jawa Tengah,Blora,Banjarejo,13,0.0,230.0,0.0,0.0,0.0,0.0,0.0,0.0,0.0,0.0,80.0,0.0
Banjar Provinsi : Jawa Tengah,Blora,Banjarejo,14,0.0,120.0,50.0,0.0,0.0,0.0,0.0,0.0,0.0,0.0,0.0,0.0
Banjar Provinsi : Jawa Tengah,Blora,Banjarejo,15,560.0,320.0,0.0,0.0,0.0,0.0,0.0,0.0,0.0,0.0,0.0,0.0
Banjar Provinsi : Jawa Tengah,Blora,Banjarejo,16,0.0,0.0,0.0,0.0,0.0,0.0,0.0,0.0,0.0,0.0,170.0,0.0
Banjar Provinsi : Jawa Tengah,Blora,Banjarejo,17,0.0,0.0,0.0,120.0,0.0,0.0,0.0,0.0,150.0,0.0,0.0,0.0
Banjar Provinsi : Jawa Tengah,Blora,Banjarejo,18,530.0,0.0,60.0,0.0,0.0,0.0,0.0,0.0,0.0,0.0,0.0,0.0
Banjar Provinsi : Jawa Tengah,Blora,Banjarejo,19,0.0,0.0,0.0,0.0,0.0,0.0,0.0,0.0,0.0,0.0,0.0,0.0
Banjar Provinsi : Jawa Tengah,Blora,Banjarejo,20,0.0,0.0,930.0,0.0,0.0,0.0,0.0,0.0,0.0,0.0,220.0,0.0
Banjar Provinsi : Jawa Tengah,Blora,Banjarejo,21,0.0,0.0,0.0,0.0,0.0,0.0,0.0,0.0,0.0,0.0,0.0,0.0
Banjar Provinsi : Jawa Tengah,Blora,Banjarejo,22,40.0,170.0,0.0,0.0,0.0,0.0,0.0,0.0,0.0,0.0,0.0,0.0
Banjar Provinsi : Jawa Tengah,Blora,Banjarejo,23,0.0,40.0,620.0,0.0,0.0,0.0,0.0,0.0,0.0,0.0,0.0,170.0
Banjar Provinsi : Jawa Tengah,Blora,Banjarejo,24,0.0,30.0,80.0,0.0,0.0,0.0,0.0,0.0,0.0,30.0,140.0,0.0
Banjar Provinsi : Jawa Tengah,Blora,Banjarejo,25,90.0,0.0,490.0,0.0,0.0,0.0,0.0,0.0,0.0,0.0,90.0,100.0
Banjar Provinsi : Jawa Tengah,Blora,Banjarejo,26,0.0,50.0,100.0,0.0,0.0,0.0,0.0,0.0,0.0,0.0,0.0,0.0
Banjar Provinsi : Jawa Tengah,Blora,Banjarejo,27,150.0,370.0,120.0,30.0,0.0,0.0,0.0,0.0,0.0,0.0,240.0,40.0
Banjar Provinsi : Jawa Tengah,Blora,Banjarejo,28,0.0,0.0,0.0,0.0,0.0,0.0,0.0,0.0,0.0,0.0,0.0,360.0
Banjar Provinsi : Jawa Tengah,Blora,Banjarejo,29,0.0,0.0,0.0,110.0,0.0,0.0,0.0,0.0,0.0,0.0,0.0,0.0
Banjar Provinsi : Jawa Tengah,Blora,Banjarejo,30,0.0,0.0,700.0,0.0,0.0,0.0,0.0,0.0,0.0,0.0,0.0,60.0
Banjar Provinsi : Jawa Tengah,Blora,Banjarejo,31,270.0,0.0,420.0,0.0,0.0,0.0,0.0,0.0,0.0,0.0,0.0,0.0
Berugen D jan A g TA CURAH H P U ro J vi A ns N i HARIAN :Jawa Tengah 2023 GRAFIK HUJAN (mm) 2023 LATIT L U E D T E A -6 K . 9 P 4 O 3 S 3333,Kudus LONGITUDE,Undaan 110.8072222,1,1020.0,0.0,0.0,0.0,0.0,0.0,0.0,0.0,0.0,0.0,30.0,150.0
Berugen D jan A g TA CURAH H P U ro J vi A ns N i HARIAN :Jawa Tengah 2023 GRAFIK HUJAN (mm) 2023 LATIT L U E D T E A -6 K . 9 P 4 O 3 S 3333,Kudus LONGITUDE,Undaan 110.8072222,2,0.0,0.0,200.0,0.0,0.0,0.0,0.0,0.0,0.0,0.0,0.0,650.0
Berugen D jan A g TA CURAH H P U ro J vi A ns N i HARIAN :Jawa Tengah 2023 GRAFIK HUJAN (mm) 2023 LATIT L U E D T E A -6 K . 9 P 4 O 3 S 3333,Kudus LONGITUDE,Undaan 110.8072222,3,70.0,410.0,430.0,0.0,0.0,0.0,0.0,0.0,0.0,0.0,0.0,0.0
Berugen D jan A g TA CURAH H P U ro J vi A ns N i HARIAN :Jawa Tengah 2023 GRAFIK HUJAN (mm) 2023 LATIT L U E D T E A -6 K . 9 P 4 O 3 S 3333,Kudus LONGITUDE,Undaan 110.8072222,4,50.0,0.0,0.0,0.0,0.0,0.0,0.0,0.0,0.0,0.0,320.0,0.0
Berugen D jan A g TA CURAH H P U ro J vi A ns N i HARIAN :Jawa Tengah 2023 GRAFIK HUJAN (mm) 2023 LATIT L U E D T E A -6 K . 9 P 4 O 3 S 3333,Kudus LONGITUDE,Undaan 110.8072222,5,0.0,370.0,160.0,0.0,0.0,0.0,30.0,0.0,0.0,0.0,0.0,50.0
Berugen D jan A g TA CURAH H P U ro J vi A ns N i HARIAN :Jawa Tengah 2023 GRAFIK HUJAN (mm) 2023 LATIT L U E D T E A -6 K . 9 P 4 O 3 S 3333,Kudus LONGITUDE,Undaan 110.8072222,6,0.0,0.0,0.0,0.0,0.0,50.0,0.0,0.0,0.0,0.0,0.0,60.0
Berugen D jan A g TA CURAH H P U ro J vi A ns N i HARIAN :Jawa Tengah 2023 GRAFIK HUJAN (mm) 2023 LATIT L U E D T E A -6 K . 9 P 4 O 3 S 3333,Kudus LONGITUDE,Undaan 110.8072222,7,0.0,30.0,0.0,0.0,0.0,150.0,100.0,0.0,0.0,0.0,0.0,0.0
Berugen D jan A g TA CURAH H P U ro J vi A ns N i HARIAN :Jawa Tengah 2023 GRAFIK HUJAN (mm) 2023 LATIT L U E D T E A -6 K . 9 P 4 O 3 S 3333,Kudus LONGITUDE,Undaan 110.8072222,8,220.0,80.0,0.0,0.0,90.0,20.0,10.0,0.0,0.0,0.0,0.0,50.0
Berugen D jan A g TA CURAH H P U ro J vi A ns N i HARIAN :Jawa Tengah 2023 GRAFIK HUJAN (mm) 2023 LATIT L U E D T E A -6 K . 9 P 4 O 3 S 3333,Kudus LONGITUDE,Undaan 110.8072222,9,40.0,200.0,0.0,290.0,0.0,0.0,0.0,0.0,0.0,0.0,0.0,0.0
Berugen D jan A g TA CURAH H P U ro J vi A ns N i HARIAN :Jawa Tengah 2023 GRAFIK HUJAN (mm) 2023 LATIT L U E D T E A -6 K . 9 P 4 O 3 S 3333,Kudus LONGITUDE,Undaan 110.8072222,10,0.0,0.0,0.0,0.0,0.0,0.0,0.0,0.0,0.0,0.0,260.0,0.0
Berugen D jan A g TA CURAH H P U ro J vi A ns N i HARIAN :Jawa Tengah 2023 GRAFIK HUJAN (mm) 2023 LATIT L U E D T E A -6 K . 9 P 4 O 3 S 3333,Kudus LONGITUDE,Undaan 110.8072222,11,0.0,0.0,200.0,0.0,0.0,0.0,0.0,0.0,0.0,0.0,0.0,0.0
Berugen D jan A g TA CURAH H P U ro J vi A ns N i HARIAN :Jawa Tengah 2023 GRAFIK HUJAN (mm) 2023 LATIT L U E D T E A -6 K . 9 P 4 O 3 S 3333,Kudus LONGITUDE,Undaan 110.8072222,12,0.0,80.0,0.0,0.0,450.0,0.0,0.0,0.0,0.0,0.0,90.0,0.0
Berugen D jan A g TA CURAH H P U ro J vi A ns N i HARIAN :Jawa Tengah 2023 GRAFIK HUJAN (mm) 2023 LATIT L U E D T E A -6 K . 9 P 4 O 3 S 3333,Kudus LONGITUDE,Undaan 110.8072222,13,0.0,0.0,300.0,0.0,30.0,0.0,0.0,0.0,0.0,0.0,0.0,30.0
Berugen D jan A g TA CURAH H P U ro J vi A ns N i HARIAN :Jawa Tengah 2023 GRAFIK HUJAN (mm) 2023 LATIT L U E D T E A -6 K . 9 P 4 O 3 S 3333,Kudus LONGITUDE,Undaan 110.8072222,14,0.0,0.0,340.0,0.0,0.0,0.0,0.0,0.0,0.0,110.0,0.0,0.0
Berugen D jan A g TA CURAH H P U ro J vi A ns N i HARIAN :Jawa Tengah 2023 GRAFIK HUJAN (mm) 2023 LATIT L U E D T E A -6 K . 9 P 4 O 3 S 3333,Kudus LONGITUDE,Undaan 110.8072222,15,340.0,0.0,0.0,0.0,0.0,0.0,0.0,0.0,0.0,0.0,0.0,0.0
Berugen D jan A g TA CURAH H P U ro J vi A ns N i HARIAN :Jawa Tengah 2023 GRAFIK HUJAN (mm) 2023 LATIT L U E D T E A -6 K . 9 P 4 O 3 S 3333,Kudus LONGITUDE,Undaan 110.8072222,16,30.0,20.0,0.0,0.0,0.0,0.0,0.0,0.0,0.0,0.0,0.0,0.0
Berugen D jan A g TA CURAH H P U ro J vi A ns N i HARIAN :Jawa Tengah 2023 GRAFIK HUJAN (mm) 2023 LATIT L U E D T E A -6 K . 9 P 4 O 3 S 3333,Kudus LONGITUDE,Undaan 110.8072222,17,0.0,700.0,0.0,190.0,0.0,0.0,0.0,0.0,0.0,0.0,260.0,0.0
Berugen D jan A g TA CURAH H P U ro J vi A ns N i HARIAN :Jawa Tengah 2023 GRAFIK HUJAN (mm) 2023 LATIT L U E D T E A -6 K . 9 P 4 O 3 S 3333,Kudus LONGITUDE,Undaan 110.8072222,18,20.0,880.0,0.0,0.0,0.0,0.0,0.0,0.0,0.0,0.0,0.0,0.0
Berugen D jan A g TA CURAH H P U ro J vi A ns N i HARIAN :Jawa Tengah 2023 GRAFIK HUJAN (mm) 2023 LATIT L U E D T E A -6 K . 9 P 4 O 3 S 3333,Kudus LONGITUDE,Undaan 110.8072222,19,0.0,0.0,0.0,0.0,0.0,0.0,0.0,0.0,0.0,0.0,0.0,0.0
Berugen D jan A g TA CURAH H P U ro J vi A ns N i HARIAN :Jawa Tengah 2023 GRAFIK HUJAN (mm) 2023 LATIT L U E D T E A -6 K . 9 P 4 O 3 S 3333,Kudus LONGITUDE,Undaan 110.8072222,20,10.0,0.0,0.0,310.0,0.0,0.0,0.0,0.0,0.0,0.0,0.0,0.0
Berugen D jan A g TA CURAH H P U ro J vi A ns N i HARIAN :Jawa Tengah 2023 GRAFIK HUJAN (mm) 2023 LATIT L U E D T E A -6 K . 9 P 4 O 3 S 3333,Kudus LONGITUDE,Undaan 110.8072222,21,0.0,0.0,420.0,0.0,0.0,0.0,0.0,0.0,0.0,0.0,340.0,0.0
Berugen D jan A g TA CURAH H P U ro J vi A ns N i HARIAN :Jawa Tengah 2023 GRAFIK HUJAN (mm) 2023 LATIT L U E D T E A -6 K . 9 P 4 O 3 S 3333,Kudus LONGITUDE,Undaan 110.8072222,22,100.0,200.0,0.0,0.0,0.0,0.0,0.0,0.0,0.0,0.0,0.0,0.0
Berugen D jan A g TA CURAH H P U ro J vi A ns N i HARIAN :Jawa Tengah 2023 GRAFIK HUJAN (mm) 2023 LATIT L U E D T E A -6 K . 9 P 4 O 3 S 3333,Kudus LONGITUDE,Undaan 110.8072222,23,0.0,400.0,0.0,0.0,0.0,0.0,0.0,0.0,0.0,0.0,0.0,0.0
Berugen D jan A g TA CURAH H P U ro J vi A ns N i HARIAN :Jawa Tengah 2023 GRAFIK HUJAN (mm) 2023 LATIT L U E D T E A -6 K . 9 P 4 O 3 S 3333,Kudus LONGITUDE,Undaan 110.8072222,24,70.0,0.0,0.0,0.0,0.0,0.0,0.0,0.0,0.0,0.0,0.0,50.0
Berugen D jan A g TA CURAH H P U ro J vi A ns N i HARIAN :Jawa Tengah 2023 GRAFIK HUJAN (mm) 2023 LATIT L U E D T E A -6 K . 9 P 4 O 3 S 3333,Kudus LONGITUDE,Undaan 110.8072222,25,0.0,150.0,0.0,130.0,0.0,0.0,0.0,0.0,0.0,0.0,360.0,0.0
Berugen D jan A g TA CURAH H P U ro J vi A ns N i HARIAN :Jawa Tengah 2023 GRAFIK HUJAN (mm) 2023 LATIT L U E D T E A -6 K . 9 P 4 O 3 S 3333,Kudus LONGITUDE,Undaan 110.8072222,26,0.0,90.0,0.0,0.0,0.0,0.0,0.0,0.0,0.0,0.0,0.0,0.0
Berugen D jan A g TA CURAH H P U ro J vi A ns N i HARIAN :Jawa Tengah 2023 GRAFIK HUJAN (mm) 2023 LATIT L U E D T E A -6 K . 9 P 4 O 3 S 3333,Kudus LONGITUDE,Undaan 110.8072222,27,270.0,150.0,0.0,0.0,0.0,80.0,0.0,0.0,0.0,0.0,0.0,0.0
Berugen D jan A g TA CURAH H P U ro J vi A ns N i HARIAN :Jawa Tengah 2023 GRAFIK HUJAN (mm) 2023 LATIT L U E D T E A -6 K . 9 P 4 O 3 S 3333,Kudus LONGITUDE,Undaan 110.8072222,28,10.0,260.0,0.0,0.0,0.0,0.0,0.0,0.0,0.0,0.0,350.0,0.0
Berugen D jan A g TA CURAH H P U ro J vi A ns N i HARIAN :Jawa Tengah 2023 GRAFIK HUJAN (mm) 2023 LATIT L U E D T E A -6 K . 9 P 4 O 3 S 3333,Kudus LONGITUDE,Undaan 110.8072222,29,0.0,0.0,110.0,260.0,0.0,0.0,0.0,0.0,0.0,0.0,100.0,150.0
Berugen D jan A g TA CURAH H P U ro J vi A ns N i HARIAN :Jawa Tengah 2023 GRAFIK HUJAN (mm) 2023 LATIT L U E D T E A -6 K . 9 P 4 O 3 S 3333,Kudus LONGITUDE,Undaan 110.8072222,30,0.0,0.0,0.0,0.0,0.0,0.0,0.0,0.0,0.0,0.0,80.0,160.0
Dongan Kedumulyo Provinsi : Jawa Tengah,Pati,Sukolilo,1,690.0,510.0,30.0,30.0,40.0,0.0,0.0,0.0,0.0,0.0,0.0,410.0
Dongan Kedumulyo Provinsi : Jawa Tengah,Pati,Sukolilo,2,420.0,100.0,340.0,300.0,100.0,0.0,0.0,0.0,0.0,0.0,10.0,350.0
Dongan Kedumulyo Provinsi : Jawa Tengah,Pati,Sukolilo,3,200.0,560.0,420.0,0.0,0.0,0.0,0.0,0.0,0.0,0.0,0.0,0.0
Dongan Kedumulyo Provinsi : Jawa Tengah,Pati,Sukolilo,4,260.0,50.0,0.0,410.0,0.0,0.0,0.0,0.0,0.0,0.0,290.0,0.0
Dongan Kedumulyo Provinsi : Jawa Tengah,Pati,Sukolilo,5,30.0,100.0,410.0,200.0,0.0,0.0,0.0,0.0,0.0,0.0,0.0,0.0
Dongan Kedumulyo Provinsi : Jawa Tengah,Pati,Sukolilo,6,450.0,0.0,150.0,100.0,0.0,0.0,0.0,0.0,0.0,0.0,0.0,0.0
Dongan Kedumulyo Provinsi : Jawa Tengah,Pati,Sukolilo,7,0.0,0.0,130.0,70.0,680.0,150.0,0.0,0.0,0.0,0.0,0.0,0.0
Dongan Kedumulyo Provinsi : Jawa Tengah,Pati,Sukolilo,8,50.0,510.0,0.0,0.0,560.0,100.0,50.0,0.0,0.0,0.0,0.0,130.0
Dongan Kedumulyo Provinsi : Jawa Tengah,Pati,Sukolilo,9,320.0,100.0,0.0,130.0,0.0,0.0,0.0,0.0,0.0,0.0,0.0,120.0
Dongan Kedumulyo Provinsi : Jawa Tengah,Pati,Sukolilo,10,430.0,0.0,0.0,320.0,0.0,0.0,0.0,0.0,0.0,0.0,200.0,0.0
Dongan Kedumulyo Provinsi : Jawa Tengah,Pati,Sukolilo,11,170.0,450.0,90.0,0.0,30.0,0.0,0.0,0.0,0.0,0.0,0.0,0.0
Dongan Kedumulyo Provinsi : Jawa Tengah,Pati,Sukolilo,12,0.0,150.0,110.0,120.0,200.0,380.0,120.0,0.0,0.0,0.0,0.0,0.0
Dongan Kedumulyo Provinsi : Jawa Tengah,Pati,Sukolilo,13,0.0,110.0,150.0,200.0,50.0,0.0,0.0,0.0,0.0,0.0,320.0,0.0
Dongan Kedumulyo Provinsi : Jawa Tengah,Pati,Sukolilo,14,40.0,0.0,70.0,350.0,0.0,0.0,0.0,0.0,0.0,30.0,0.0,0.0
Dongan Kedumulyo Provinsi : Jawa Tengah,Pati,Sukolilo,15,120.0,0.0,70.0,10.0,0.0,0.0,0.0,0.0,0.0,0.0,0.0,50.0
Dongan Kedumulyo Provinsi : Jawa Tengah,Pati,Sukolilo,16,60.0,60.0,0.0,0.0,0.0,0.0,0.0,0.0,0.0,0.0,90.0,0.0
Dongan Kedumulyo Provinsi : Jawa Tengah,Pati,Sukolilo,17,40.0,520.0,300.0,210.0,0.0,0.0,0.0,0.0,0.0,0.0,30.0,0.0
Dongan Kedumulyo Provinsi : Jawa Tengah,Pati,Sukolilo,18,70.0,150.0,30.0,300.0,0.0,0.0,0.0,0.0,1120.0,0.0,0.0,0.0
Dongan Kedumulyo Provinsi : Jawa Tengah,Pati,Sukolilo,19,510.0,0.0,0.0,100.0,0.0,0.0,0.0,0.0,0.0,0.0,0.0,0.0
Dongan Kedumulyo Provinsi : Jawa Tengah,Pati,Sukolilo,20,0.0,50.0,0.0,0.0,0.0,0.0,0.0,0.0,0.0,0.0,0.0,0.0
Dongan Kedumulyo Provinsi : Jawa Tengah,Pati,Sukolilo,21,0.0,50.0,480.0,0.0,0.0,0.0,0.0,0.0,0.0,0.0,870.0,0.0
Dongan Kedumulyo Provinsi : Jawa Tengah,Pati,Sukolilo,22,100.0,250.0,0.0,0.0,0.0,0.0,0.0,0.0,0.0,0.0,0.0,0.0
Dongan Kedumulyo Provinsi : Jawa Tengah,Pati,Sukolilo,23,60.0,280.0,0.0,20.0,0.0,0.0,0.0,0.0,0.0,0.0,0.0,0.0
Dongan Kedumulyo Provinsi : Jawa Tengah,Pati,Sukolilo,24,0.0,210.0,0.0,110.0,0.0,0.0,0.0,0.0,0.0,0.0,0.0,0.0
Dongan Kedumulyo Provinsi : Jawa Tengah,Pati,Sukolilo,25,300.0,110.0,0.0,60.0,0.0,0.0,0.0,0.0,0.0,820.0,0.0,0.0
Dongan Kedumulyo Provinsi : Jawa Tengah,Pati,Sukolilo,26,30.0,190.0,0.0,80.0,0.0,20.0,0.0,0.0,20.0,0.0,0.0,420.0
Dongan Kedumulyo Provinsi : Jawa Tengah,Pati,Sukolilo,27,300.0,20.0,0.0,310.0,0.0,200.0,0.0,0.0,0.0,0.0,40.0,310.0
Dongan Kedumulyo Provinsi : Jawa Tengah,Pati,Sukolilo,28,80.0,370.0,0.0,50.0,0.0,0.0,10.0,0.0,0.0,0.0,0.0,200.0
Dongan Kedumulyo Provinsi : Jawa Tengah,Pati,Sukolilo,29,50.0,0.0,0.0,40.0,0.0,0.0,30.0,0.0,0.0,0.0,0.0,0.0
Dumpil Provinsi : Jawa Tengah,Grobogan,Penawangan,1,160.0,240.0,190.0,0.0,0.0,0.0,0.0,0.0,0.0,0.0,0.0,0.0
Dumpil Provinsi : Jawa Tengah,Grobogan,Penawangan,2,0.0,0.0,810.0,670.0,0.0,0.0,0.0,0.0,0.0,0.0,330.0,290.0
Dumpil Provinsi : Jawa Tengah,Grobogan,Penawangan,3,470.0,200.0,180.0,0.0,0.0,0.0,0.0,0.0,0.0,0.0,0.0,30.0
Dumpil Provinsi : Jawa Tengah,Grobogan,Penawangan,4,0.0,0.0,0.0,0.0,190.0,0.0,0.0,0.0,0.0,0.0,110.0,380.0
Dumpil Provinsi : Jawa Tengah,Grobogan,Penawangan,5,0.0,100.0,0.0,0.0,0.0,0.0,0.0,0.0,0.0,0.0,0.0,0.0
Dumpil Provinsi : Jawa Tengah,Grobogan,Penawangan,6,420.0,0.0,110.0,0.0,0.0,0.0,0.0,0.0,0.0,0.0,0.0,60.0
Dumpil Provinsi : Jawa Tengah,Grobogan,Penawangan,7,0.0,0.0,0.0,0.0,390.0,0.0,0.0,0.0,0.0,0.0,0.0,0.0
Dumpil Provinsi : Jawa Tengah,Grobogan,Penawangan,8,160.0,110.0,0.0,0.0,0.0,0.0,0.0,0.0,0.0,0.0,0.0,700.0
Dumpil Provinsi : Jawa Tengah,Grobogan,Penawangan,9,170.0,0.0,0.0,0.0,0.0,0.0,0.0,0.0,0.0,0.0,0.0,590.0
Dumpil Provinsi : Jawa Tengah,Grobogan,Penawangan,10,0.0,0.0,0.0,0.0,0.0,0.0,0.0,0.0,0.0,0.0,100.0,0.0
Dumpil Provinsi : Jawa Tengah,Grobogan,Penawangan,11,0.0,0.0,0.0,200.0,0.0,0.0,0.0,0.0,0.0,0.0,0.0,0.0
Dumpil Provinsi : Jawa Tengah,Grobogan,Penawangan,12,0.0,210.0,0.0,0.0,210.0,130.0,0.0,0.0,0.0,0.0,30.0,0.0
Dumpil Provinsi : Jawa Tengah,Grobogan,Penawangan,13,0.0,0.0,0.0,0.0,0.0,0.0,0.0,0.0,0.0,0.0,20.0,0.0
Dumpil Provinsi : Jawa Tengah,Grobogan,Penawangan,14,0.0,320.0,0.0,0.0,0.0,0.0,0.0,0.0,0.0,0.0,40.0,0.0
Dumpil Provinsi : Jawa Tengah,Grobogan,Penawangan,15,0.0,0.0,0.0,0.0,0.0,0.0,0.0,0.0,0.0,0.0,0.0,30.0
Dumpil Provinsi : Jawa Tengah,Grobogan,Penawangan,16,0.0,300.0,0.0,0.0,0.0,0.0,0.0,0.0,0.0,0.0,0.0,0.0
Dumpil Provinsi : Jawa Tengah,Grobogan,Penawangan,17,100.0,240.0,0.0,390.0,0.0,0.0,0.0,0.0,0.0,0.0,0.0,0.0
Dumpil Provinsi : Jawa Tengah,Grobogan,Penawangan,18,0.0,0.0,0.0,0.0,0.0,0.0,0.0,0.0,240.0,0.0,0.0,0.0
Dumpil Provinsi : Jawa Tengah,Grobogan,Penawangan,19,0.0,0.0,0.0,0.0,0.0,0.0,0.0,0.0,0.0,0.0,0.0,0.0
Dumpil Provinsi : Jawa Tengah,Grobogan,Penawangan,20,0.0,0.0,0.0,0.0,0.0,0.0,0.0,0.0,0.0,0.0,0.0,0.0
Dumpil Provinsi : Jawa Tengah,Grobogan,Penawangan,21,0.0,400.0,0.0,0.0,0.0,0.0,0.0,0.0,0.0,0.0,350.0,0.0
Dumpil Provinsi : Jawa Tengah,Grobogan,Penawangan,22,0.0,0.0,0.0,0.0,0.0,0.0,0.0,0.0,0.0,0.0,30.0,0.0
Dumpil Provinsi : Jawa Tengah,Grobogan,Penawangan,23,0.0,0.0,0.0,0.0,0.0,0.0,0.0,0.0,0.0,0.0,0.0,290.0
Dumpil Provinsi : Jawa Tengah,Grobogan,Penawangan,24,0.0,0.0,190.0,0.0,0.0,0.0,0.0,0.0,0.0,0.0,0.0,0.0
Dumpil Provinsi : Jawa Tengah,Grobogan,Penawangan,25,0.0,0.0,0.0,0.0,0.0,0.0,0.0,0.0,0.0,20.0,410.0,0.0
Dumpil Provinsi : Jawa Tengah,Grobogan,Penawangan,26,0.0,0.0,0.0,0.0,0.0,0.0,0.0,0.0,0.0,0.0,0.0,0.0
Dumpil Provinsi : Jawa Tengah,Grobogan,Penawangan,27,180.0,0.0,870.0,0.0,0.0,0.0,0.0,0.0,0.0,0.0,20.0,0.0
Dumpil Provinsi : Jawa Tengah,Grobogan,Penawangan,28,0.0,80.0,240.0,0.0,0.0,0.0,0.0,0.0,0.0,0.0,170.0,0.0
Dumpil Provinsi : Jawa Tengah,Grobogan,Penawangan,29,0.0,0.0,0.0,200.0,0.0,0.0,0.0,70.0,0.0,0.0,640.0,70.0
Dumpil Provinsi : Jawa Tengah,Grobogan,Penawangan,30,100.0,0.0,0.0,280.0,0.0,0.0,0.0,0.0,0.0,0.0,80.0,0.0
Dumpil Provinsi : Jawa Tengah,Grobogan,Penawangan,31,0.0,0.0,0.0,0.0,0.0,0.0,0.0,0.0,0.0,0.0,0.0,0.0
Gabus Provinsi : Jawa Tengah,Blora,Blora,1,0.0,240.0,120.0,0.0,0.0,0.0,0.0,0.0,0.0,0.0,0.0,0.0
Gabus Provinsi : Jawa Tengah,Blora,Blora,2,0.0,0.0,200.0,470.0,0.0,0.0,0.0,0.0,0.0,0.0,0.0,200.0
Gabus Provinsi : Jawa Tengah,Blora,Blora,3,100.0,320.0,220.0,300.0,0.0,0.0,20.0,0.0,0.0,0.0,0.0,20.0
Gabus Provinsi : Jawa Tengah,Blora,Blora,4,0.0,0.0,0.0,0.0,0.0,0.0,0.0,0.0,0.0,0.0,110.0,50.0
Gabus Provinsi : Jawa Tengah,Blora,Blora,5,400.0,120.0,70.0,0.0,0.0,0.0,0.0,0.0,0.0,0.0,0.0,20.0
Gabus Provinsi : Jawa Tengah,Blora,Blora,6,0.0,0.0,20.0,0.0,0.0,0.0,0.0,0.0,0.0,0.0,0.0,60.0
Gabus Provinsi : Jawa Tengah,Blora,Blora,7,120.0,0.0,0.0,270.0,0.0,40.0,0.0,0.0,0.0,0.0,0.0,0.0
Gabus Provinsi : Jawa Tengah,Blora,Blora,8,0.0,100.0,140.0,0.0,0.0,90.0,0.0,0.0,0.0,0.0,0.0,140.0
Gabus Provinsi : Jawa Tengah,Blora,Blora,9,0.0,20.0,150.0,0.0,50.0,40.0,0.0,0.0,0.0,0.0,0.0,400.0
Gabus Provinsi : Jawa Tengah,Blora,Blora,10,60.0,0.0,0.0,0.0,0.0,0.0,0.0,0.0,0.0,0.0,0.0,0.0
Gabus Provinsi : Jawa Tengah,Blora,Blora,11,0.0,80.0,0.0,40.0,0.0,0.0,0.0,0.0,0.0,0.0,0.0,0.0
Gabus Provinsi : Jawa Tengah,Blora,Blora,12,0.0,240.0,0.0,0.0,200.0,0.0,0.0,0.0,0.0,0.0,220.0,0.0
Gabus Provinsi : Jawa Tengah,Blora,Blora,13,0.0,0.0,80.0,80.0,50.0,0.0,0.0,0.0,0.0,0.0,0.0,0.0
Gabus Provinsi : Jawa Tengah,Blora,Blora,14,100.0,0.0,0.0,0.0,0.0,0.0,0.0,0.0,0.0,0.0,0.0,30.0
Gabus Provinsi : Jawa Tengah,Blora,Blora,15,200.0,0.0,190.0,0.0,0.0,0.0,0.0,0.0,70.0,0.0,0.0,70.0
Gabus Provinsi : Jawa Tengah,Blora,Blora,16,0.0,220.0,0.0,0.0,0.0,0.0,0.0,0.0,0.0,0.0,0.0,0.0
Gabus Provinsi : Jawa Tengah,Blora,Blora,17,0.0,240.0,0.0,0.0,0.0,0.0,0.0,0.0,0.0,0.0,90.0,0.0
Gabus Provinsi : Jawa Tengah,Blora,Blora,18,0.0,0.0,0.0,80.0,0.0,0.0,0.0,0.0,380.0,0.0,0.0,0.0
Gabus Provinsi : Jawa Tengah,Blora,Blora,19,40.0,0.0,300.0,0.0,0.0,0.0,0.0,0.0,0.0,0.0,0.0,0.0
Gabus Provinsi : Jawa Tengah,Blora,Blora,20,0.0,0.0,0.0,0.0,0.0,220.0,0.0,0.0,0.0,0.0,0.0,0.0
Gabus Provinsi : Jawa Tengah,Blora,Blora,21,100.0,40.0,440.0,0.0,0.0,0.0,0.0,0.0,0.0,0.0,60.0,0.0
Gabus Provinsi : Jawa Tengah,Blora,Blora,22,0.0,0.0,0.0,0.0,0.0,0.0,0.0,0.0,0.0,0.0,0.0,0.0
Gabus Provinsi : Jawa Tengah,Blora,Blora,23,0.0,0.0,0.0,0.0,0.0,0.0,0.0,0.0,0.0,0.0,0.0,0.0
Gabus Provinsi : Jawa Tengah,Blora,Blora,24,0.0,0.0,0.0,0.0,0.0,0.0,0.0,0.0,0.0,0.0,0.0,260.0
Gabus Provinsi : Jawa Tengah,Blora,Blora,25,0.0,0.0,160.0,0.0,0.0,0.0,0.0,0.0,0.0,0.0,120.0,0.0
Gabus Provinsi : Jawa Tengah,Blora,Blora,26,0.0,0.0,30.0,0.0,0.0,50.0,0.0,0.0,0.0,0.0,250.0,0.0
Gabus Provinsi : Jawa Tengah,Blora,Blora,27,60.0,0.0,0.0,40.0,0.0,400.0,0.0,0.0,0.0,0.0,0.0,0.0
Gabus Provinsi : Jawa Tengah,Blora,Blora,28,0.0,240.0,90.0,70.0,0.0,0.0,0.0,0.0,0.0,0.0,120.0,150.0
Gabus Provinsi : Jawa Tengah,Blora,Blora,29,0.0,0.0,0.0,130.0,0.0,0.0,0.0,0.0,0.0,0.0,40.0,0.0
Gabus Provinsi : Jawa Tengah,Blora,Blora,30,0.0,0.0,0.0,490.0,0.0,0.0,0.0,0.0,0.0,0.0,0.0,120.0
Gabus Provinsi : Jawa Tengah,Blora,Blora,31,0.0,0.0,0.0,0.0,0.0,0.0,0.0,0.0,0.0,0.0,0.0,70.0
Wd. Gembong Provinsi : Jawa Tengah,Pati,Gembong,1,1420.0,790.0,490.0,0.0,140.0,0.0,0.0,0.0,0.0,0.0,0.0,250.0
Wd. Gembong Provinsi : Jawa Tengah,Pati,Gembong,2,150.0,240.0,750.0,0.0,290.0,0.0,0.0,0.0,0.0,0.0,120.0,30.0
Wd. Gembong Provinsi : Jawa Tengah,Pati,Gembong,3,90.0,280.0,180.0,170.0,0.0,0.0,220.0,0.0,0.0,0.0,0.0,0.0
Wd. Gembong Provinsi : Jawa Tengah,Pati,Gembong,4,50.0,30.0,20.0,0.0,210.0,0.0,0.0,0.0,0.0,0.0,220.0,0.0
Wd. Gembong Provinsi : Jawa Tengah,Pati,Gembong,5,110.0,100.0,30.0,0.0,70.0,0.0,70.0,0.0,0.0,0.0,70.0,0.0
Wd. Gembong Provinsi : Jawa Tengah,Pati,Gembong,6,160.0,120.0,50.0,0.0,0.0,0.0,0.0,0.0,0.0,0.0,0.0,0.0
Wd. Gembong Provinsi : Jawa Tengah,Pati,Gembong,7,0.0,150.0,100.0,0.0,0.0,0.0,0.0,0.0,0.0,0.0,0.0,80.0
Wd. Gembong Provinsi : Jawa Tengah,Pati,Gembong,8,50.0,210.0,60.0,0.0,0.0,0.0,0.0,0.0,0.0,0.0,0.0,170.0
Wd. Gembong Provinsi : Jawa Tengah,Pati,Gembong,9,30.0,270.0,0.0,0.0,0.0,40.0,0.0,0.0,0.0,0.0,0.0,0.0
Wd. Gembong Provinsi : Jawa Tengah,Pati,Gembong,10,0.0,80.0,0.0,0.0,0.0,0.0,0.0,0.0,0.0,0.0,0.0,0.0
Wd. Gembong Provinsi : Jawa Tengah,Pati,Gembong,11,540.0,190.0,0.0,0.0,0.0,110.0,0.0,0.0,0.0,0.0,0.0,0.0
Wd. Gembong Provinsi : Jawa Tengah,Pati,Gembong,12,0.0,120.0,0.0,0.0,390.0,0.0,80.0,0.0,0.0,0.0,0.0,0.0
Wd. Gembong Provinsi : Jawa Tengah,Pati,Gembong,13,30.0,90.0,80.0,0.0,0.0,0.0,0.0,0.0,0.0,0.0,0.0,0.0
Wd. Gembong Provinsi : Jawa Tengah,Pati,Gembong,14,0.0,30.0,110.0,60.0,0.0,0.0,0.0,0.0,0.0,0.0,0.0,0.0
Wd. Gembong Provinsi : Jawa Tengah,Pati,Gembong,15,40.0,0.0,170.0,130.0,0.0,0.0,0.0,0.0,0.0,0.0,0.0,0.0
Wd. Gembong Provinsi : Jawa Tengah,Pati,Gembong,16,20.0,350.0,90.0,0.0,0.0,0.0,370.0,0.0,0.0,0.0,0.0,0.0
Wd. Gembong Provinsi : Jawa Tengah,Pati,Gembong,17,0.0,590.0,0.0,0.0,0.0,0.0,0.0,0.0,0.0,0.0,0.0,0.0
Wd. Gembong Provinsi : Jawa Tengah,Pati,Gembong,18,0.0,350.0,0.0,210.0,0.0,0.0,0.0,0.0,30.0,0.0,0.0,0.0
Wd. Gembong Provinsi : Jawa Tengah,Pati,Gembong,19,0.0,50.0,0.0,0.0,0.0,0.0,0.0,0.0,0.0,0.0,50.0,0.0
Wd. Gembong Provinsi : Jawa Tengah,Pati,Gembong,20,90.0,0.0,0.0,0.0,0.0,370.0,0.0,0.0,0.0,0.0,0.0,0.0
Wd. Gembong Provinsi : Jawa Tengah,Pati,Gembong,21,40.0,0.0,0.0,0.0,0.0,0.0,0.0,0.0,0.0,0.0,400.0,0.0
Wd. Gembong Provinsi : Jawa Tengah,Pati,Gembong,22,70.0,190.0,0.0,0.0,0.0,0.0,0.0,0.0,0.0,0.0,0.0,0.0
Wd. Gembong Provinsi : Jawa Tengah,Pati,Gembong,23,0.0,490.0,0.0,0.0,0.0,0.0,0.0,0.0,0.0,0.0,0.0,0.0
Wd. Gembong Provinsi : Jawa Tengah,Pati,Gembong,24,120.0,260.0,50.0,0.0,0.0,0.0,0.0,0.0,0.0,0.0,0.0,0.0
Wd. Gembong Provinsi : Jawa Tengah,Pati,Gembong,25,90.0,410.0,110.0,380.0,0.0,0.0,0.0,0.0,0.0,380.0,0.0,0.0
Wd. Gembong Provinsi : Jawa Tengah,Pati,Gembong,26,320.0,560.0,70.0,0.0,0.0,0.0,0.0,0.0,0.0,0.0,0.0,320.0
Wd. Gembong Provinsi : Jawa Tengah,Pati,Gembong,27,50.0,720.0,110.0,0.0,0.0,120.0,0.0,0.0,0.0,0.0,0.0,0.0
Wd. Gembong Provinsi : Jawa Tengah,Pati,Gembong,28,0.0,830.0,190.0,0.0,0.0,50.0,0.0,0.0,0.0,0.0,0.0,40.0
Wd. Gembong Provinsi : Jawa Tengah,Pati,Gembong,29,90.0,0.0,0.0,0.0,0.0,0.0,0.0,0.0,0.0,0.0,200.0,0.0
Wd. Gembong Provinsi : Jawa Tengah,Pati,Gembong,30,0.0,0.0,0.0,180.0,0.0,0.0,0.0,0.0,0.0,0.0,0.0,250.0
Wd. Gembong Provinsi : Jawa Tengah,Pati,Gembong,31,0.0,0.0,0.0,0.0,0.0,0.0,0.0,0.0,0.0,0.0,0.0,0.0
Greneng Provinsi : Jawa Tengah,Blora,Tunjungan,1,340.0,650.0,100.0,0.0,0.0,0.0,0.0,0.0,0.0,0.0,0.0,220.0
Greneng Provinsi : Jawa Tengah,Blora,Tunjungan,2,120.0,0.0,310.0,210.0,0.0,0.0,0.0,0.0,0.0,0.0,0.0,780.0
Greneng Provinsi : Jawa Tengah,Blora,Tunjungan,3,330.0,60.0,300.0,150.0,0.0,0.0,180.0,0.0,0.0,0.0,0.0,90.0
Greneng Provinsi : Jawa Tengah,Blora,Tunjungan,4,0.0,0.0,0.0,0.0,0.0,0.0,0.0,0.0,0.0,0.0,180.0,190.0
Greneng Provinsi : Jawa Tengah,Blora,Tunjungan,5,0.0,0.0,200.0,0.0,0.0,0.0,0.0,0.0,0.0,0.0,90.0,0.0
Greneng Provinsi : Jawa Tengah,Blora,Tunjungan,6,200.0,0.0,0.0,0.0,0.0,0.0,0.0,0.0,0.0,0.0,0.0,0.0
Greneng Provinsi : Jawa Tengah,Blora,Tunjungan,7,20.0,0.0,0.0,80.0,0.0,120.0,0.0,0.0,0.0,0.0,0.0,0.0
Greneng Provinsi : Jawa Tengah,Blora,Tunjungan,8,330.0,130.0,0.0,0.0,50.0,240.0,50.0,0.0,0.0,0.0,0.0,0.0
Greneng Provinsi : Jawa Tengah,Blora,Tunjungan,9,200.0,30.0,0.0,160.0,0.0,70.0,0.0,0.0,0.0,0.0,0.0,100.0
Greneng Provinsi : Jawa Tengah,Blora,Tunjungan,10,40.0,0.0,0.0,0.0,0.0,0.0,0.0,0.0,0.0,0.0,300.0,0.0
Greneng Provinsi : Jawa Tengah,Blora,Tunjungan,11,30.0,90.0,0.0,0.0,0.0,0.0,0.0,0.0,0.0,50.0,0.0,0.0
Greneng Provinsi : Jawa Tengah,Blora,Tunjungan,12,0.0,140.0,320.0,0.0,240.0,0.0,0.0,0.0,0.0,0.0,0.0,0.0
Greneng Provinsi : Jawa Tengah,Blora,Tunjungan,13,0.0,0.0,40.0,420.0,0.0,0.0,0.0,0.0,0.0,0.0,0.0,0.0
Greneng Provinsi : Jawa Tengah,Blora,Tunjungan,14,460.0,0.0,0.0,0.0,0.0,0.0,0.0,0.0,0.0,0.0,0.0,10.0
Greneng Provinsi : Jawa Tengah,Blora,Tunjungan,15,0.0,0.0,0.0,0.0,0.0,0.0,0.0,0.0,0.0,0.0,70.0,30.0
Greneng Provinsi : Jawa Tengah,Blora,Tunjungan,16,0.0,330.0,0.0,0.0,0.0,0.0,0.0,0.0,0.0,0.0,30.0,0.0
Greneng Provinsi : Jawa Tengah,Blora,Tunjungan,17,0.0,30.0,0.0,0.0,0.0,0.0,0.0,0.0,0.0,0.0,620.0,0.0
Greneng Provinsi : Jawa Tengah,Blora,Tunjungan,18,0.0,0.0,70.0,200.0,0.0,0.0,0.0,0.0,140.0,0.0,0.0,0.0
Greneng Provinsi : Jawa Tengah,Blora,Tunjungan,19,0.0,0.0,0.0,0.0,0.0,0.0,0.0,0.0,0.0,0.0,0.0,0.0
Greneng Provinsi : Jawa Tengah,Blora,Tunjungan,20,0.0,0.0,0.0,0.0,0.0,320.0,0.0,0.0,0.0,0.0,30.0,0.0
Greneng Provinsi : Jawa Tengah,Blora,Tunjungan,21,60.0,80.0,280.0,0.0,0.0,0.0,0.0,0.0,0.0,0.0,200.0,0.0
Greneng Provinsi : Jawa Tengah,Blora,Tunjungan,22,60.0,0.0,0.0,0.0,0.0,0.0,0.0,0.0,0.0,0.0,0.0,0.0
Greneng Provinsi : Jawa Tengah,Blora,Tunjungan,23,0.0,0.0,0.0,130.0,0.0,0.0,0.0,0.0,0.0,0.0,0.0,0.0
Greneng Provinsi : Jawa Tengah,Blora,Tunjungan,24,0.0,0.0,0.0,0.0,0.0,0.0,0.0,0.0,0.0,0.0,0.0,0.0
Greneng Provinsi : Jawa Tengah,Blora,Tunjungan,25,560.0,0.0,0.0,0.0,0.0,0.0,0.0,0.0,0.0,0.0,0.0,0.0
Greneng Provinsi : Jawa Tengah,Blora,Tunjungan,26,30.0,90.0,0.0,0.0,0.0,0.0,0.0,0.0,0.0,0.0,70.0,0.0
Greneng Provinsi : Jawa Tengah,Blora,Tunjungan,27,0.0,70.0,0.0,0.0,0.0,250.0,0.0,0.0,0.0,0.0,0.0,70.0
Greneng Provinsi : Jawa Tengah,Blora,Tunjungan,28,0.0,300.0,40.0,0.0,0.0,0.0,0.0,0.0,0.0,0.0,80.0,40.0
Greneng Provinsi : Jawa Tengah,Blora,Tunjungan,29,0.0,0.0,0.0,180.0,0.0,0.0,0.0,0.0,0.0,0.0,0.0,0.0
Greneng Provinsi : Jawa Tengah,Blora,Tunjungan,30,0.0,0.0,0.0,200.0,0.0,0.0,0.0,0.0,0.0,0.0,0.0,30.0
Greneng Provinsi : Jawa Tengah,Blora,Tunjungan,31,0.0,0.0,50.0,0.0,30.0,0.0,0.0,0.0,0.0,0.0,0.0,0.0
Juwangi Provinsi : Jawa Tengah,Boyolali,Juwangi,1,310.0,320.0,30.0,810.0,0.0,0.0,0.0,0.0,0.0,0.0,50.0,620.0
Juwangi Provinsi : Jawa Tengah,Boyolali,Juwangi,2,0.0,70.0,1080.0,60.0,0.0,0.0,0.0,0.0,0.0,0.0,0.0,1280.0
Juwangi Provinsi : Jawa Tengah,Boyolali,Juwangi,3,0.0,100.0,370.0,160.0,0.0,0.0,0.0,0.0,0.0,0.0,0.0,210.0
Juwangi Provinsi : Jawa Tengah,Boyolali,Juwangi,4,0.0,0.0,0.0,0.0,50.0,0.0,0.0,0.0,0.0,0.0,1580.0,430.0
Juwangi Provinsi : Jawa Tengah,Boyolali,Juwangi,5,0.0,0.0,40.0,0.0,280.0,0.0,0.0,0.0,0.0,0.0,410.0,30.0
Juwangi Provinsi : Jawa Tengah,Boyolali,Juwangi,6,1160.0,0.0,0.0,120.0,370.0,0.0,0.0,0.0,0.0,0.0,0.0,0.0
Juwangi Provinsi : Jawa Tengah,Boyolali,Juwangi,7,50.0,80.0,20.0,190.0,0.0,0.0,0.0,0.0,0.0,0.0,0.0,300.0
Juwangi Provinsi : Jawa Tengah,Boyolali,Juwangi,8,430.0,0.0,0.0,0.0,40.0,240.0,0.0,0.0,0.0,0.0,0.0,270.0
Juwangi Provinsi : Jawa Tengah,Boyolali,Juwangi,9,820.0,40.0,0.0,50.0,0.0,0.0,0.0,0.0,0.0,0.0,0.0,0.0
Juwangi Provinsi : Jawa Tengah,Boyolali,Juwangi,10,370.0,30.0,450.0,0.0,0.0,0.0,0.0,0.0,0.0,0.0,230.0,0.0
Juwangi Provinsi : Jawa Tengah,Boyolali,Juwangi,11,20.0,210.0,0.0,0.0,0.0,0.0,0.0,0.0,0.0,0.0,30.0,0.0
Juwangi Provinsi : Jawa Tengah,Boyolali,Juwangi,12,0.0,0.0,50.0,420.0,430.0,80.0,0.0,0.0,0.0,0.0,80.0,0.0
Juwangi Provinsi : Jawa Tengah,Boyolali,Juwangi,13,0.0,60.0,0.0,110.0,0.0,20.0,0.0,0.0,0.0,0.0,120.0,0.0
Juwangi Provinsi : Jawa Tengah,Boyolali,Juwangi,14,0.0,20.0,0.0,0.0,0.0,0.0,0.0,0.0,50.0,30.0,0.0,0.0
Juwangi Provinsi : Jawa Tengah,Boyolali,Juwangi,15,0.0,420.0,480.0,0.0,0.0,0.0,0.0,0.0,0.0,0.0,190.0,0.0
Juwangi Provinsi : Jawa Tengah,Boyolali,Juwangi,16,610.0,110.0,0.0,0.0,0.0,0.0,0.0,0.0,0.0,0.0,0.0,0.0
Juwangi Provinsi : Jawa Tengah,Boyolali,Juwangi,17,140.0,250.0,0.0,0.0,0.0,0.0,0.0,0.0,80.0,60.0,40.0,0.0
Juwangi Provinsi : Jawa Tengah,Boyolali,Juwangi,18,30.0,1830.0,0.0,0.0,0.0,0.0,0.0,0.0,0.0,0.0,0.0,0.0
Juwangi Provinsi : Jawa Tengah,Boyolali,Juwangi,19,1220.0,140.0,0.0,0.0,0.0,0.0,0.0,0.0,0.0,0.0,0.0,0.0
Juwangi Provinsi : Jawa Tengah,Boyolali,Juwangi,20,40.0,160.0,90.0,0.0,0.0,520.0,0.0,0.0,0.0,0.0,0.0,0.0
Juwangi Provinsi : Jawa Tengah,Boyolali,Juwangi,21,0.0,1240.0,1260.0,0.0,0.0,170.0,0.0,0.0,0.0,0.0,0.0,0.0
Juwangi Provinsi : Jawa Tengah,Boyolali,Juwangi,22,60.0,230.0,0.0,70.0,0.0,0.0,0.0,0.0,0.0,0.0,50.0,0.0
Juwangi Provinsi : Jawa Tengah,Boyolali,Juwangi,23,0.0,0.0,0.0,0.0,0.0,0.0,0.0,0.0,0.0,0.0,210.0,0.0
Juwangi Provinsi : Jawa Tengah,Boyolali,Juwangi,24,130.0,0.0,0.0,0.0,0.0,0.0,0.0,0.0,0.0,160.0,0.0,110.0
Juwangi Provinsi : Jawa Tengah,Boyolali,Juwangi,25,980.0,0.0,0.0,210.0,0.0,0.0,0.0,0.0,0.0,0.0,160.0,0.0
Juwangi Provinsi : Jawa Tengah,Boyolali,Juwangi,26,80.0,0.0,20.0,0.0,0.0,0.0,0.0,0.0,0.0,40.0,0.0,0.0
Juwangi Provinsi : Jawa Tengah,Boyolali,Juwangi,27,100.0,0.0,40.0,270.0,0.0,0.0,0.0,0.0,0.0,0.0,330.0,50.0
Juwangi Provinsi : Jawa Tengah,Boyolali,Juwangi,28,0.0,0.0,0.0,0.0,0.0,0.0,0.0,0.0,0.0,0.0,60.0,480.0
Juwangi Provinsi : Jawa Tengah,Boyolali,Juwangi,29,0.0,0.0,320.0,320.0,0.0,0.0,0.0,0.0,0.0,0.0,470.0,0.0
Juwangi Provinsi : Jawa Tengah,Boyolali,Juwangi,30,0.0,0.0,0.0,0.0,0.0,0.0,0.0,0.0,0.0,0.0,0.0,160.0
Juwangi Provinsi : Jawa Tengah,Boyolali,Juwangi,31,0.0,0.0,0.0,0.0,0.0,0.0,0.0,0.0,0.0,70.0,0.0,90.0
Karanganyar Provinsi : Jawa Tengah,Demak,Karanganyar,1,840.0,320.0,60.0,0.0,0.0,0.0,0.0,0.0,0.0,0.0,0.0,10.0
Karanganyar Provinsi : Jawa Tengah,Demak,Karanganyar,2,300.0,50.0,590.0,20.0,0.0,0.0,0.0,0.0,0.0,0.0,0.0,250.0
Karanganyar Provinsi : Jawa Tengah,Demak,Karanganyar,3,50.0,580.0,880.0,10.0,0.0,0.0,0.0,0.0,0.0,0.0,40.0,0.0
Karanganyar Provinsi : Jawa Tengah,Demak,Karanganyar,4,320.0,0.0,0.0,0.0,0.0,0.0,0.0,0.0,0.0,0.0,370.0,0.0
Karanganyar Provinsi : Jawa Tengah,Demak,Karanganyar,5,70.0,250.0,300.0,0.0,0.0,0.0,0.0,0.0,0.0,0.0,0.0,0.0
Karanganyar Provinsi : Jawa Tengah,Demak,Karanganyar,6,120.0,0.0,10.0,0.0,30.0,10.0,0.0,0.0,0.0,0.0,0.0,130.0
Karanganyar Provinsi : Jawa Tengah,Demak,Karanganyar,7,0.0,40.0,130.0,0.0,10.0,0.0,200.0,0.0,0.0,0.0,0.0,0.0
Karanganyar Provinsi : Jawa Tengah,Demak,Karanganyar,8,20.0,680.0,90.0,0.0,40.0,0.0,10.0,0.0,0.0,0.0,0.0,240.0
Karanganyar Provinsi : Jawa Tengah,Demak,Karanganyar,9,90.0,580.0,20.0,10.0,0.0,0.0,0.0,0.0,0.0,0.0,0.0,0.0
Karanganyar Provinsi : Jawa Tengah,Demak,Karanganyar,10,20.0,10.0,0.0,0.0,0.0,0.0,0.0,0.0,0.0,0.0,210.0,0.0
Karanganyar Provinsi : Jawa Tengah,Demak,Karanganyar,11,0.0,680.0,80.0,0.0,0.0,0.0,0.0,0.0,0.0,0.0,30.0,0.0
Karanganyar Provinsi : Jawa Tengah,Demak,Karanganyar,12,0.0,60.0,0.0,0.0,510.0,100.0,0.0,0.0,0.0,0.0,30.0,0.0
Karanganyar Provinsi : Jawa Tengah,Demak,Karanganyar,13,10.0,270.0,0.0,240.0,0.0,0.0,0.0,0.0,0.0,0.0,230.0,0.0
Karanganyar Provinsi : Jawa Tengah,Demak,Karanganyar,14,260.0,0.0,90.0,0.0,0.0,0.0,0.0,0.0,20.0,60.0,50.0,0.0
Karanganyar Provinsi : Jawa Tengah,Demak,Karanganyar,15,320.0,0.0,70.0,10.0,0.0,0.0,0.0,0.0,0.0,0.0,0.0,0.0
Karanganyar Provinsi : Jawa Tengah,Demak,Karanganyar,16,10.0,220.0,0.0,0.0,0.0,0.0,0.0,0.0,0.0,0.0,0.0,0.0
Karanganyar Provinsi : Jawa Tengah,Demak,Karanganyar,17,20.0,370.0,0.0,0.0,0.0,0.0,0.0,0.0,0.0,0.0,0.0,0.0
Karanganyar Provinsi : Jawa Tengah,Demak,Karanganyar,18,270.0,110.0,100.0,0.0,0.0,0.0,0.0,0.0,0.0,0.0,0.0,0.0
Karanganyar Provinsi : Jawa Tengah,Demak,Karanganyar,19,200.0,60.0,0.0,0.0,0.0,0.0,0.0,0.0,0.0,0.0,0.0,10.0
Karanganyar Provinsi : Jawa Tengah,Demak,Karanganyar,20,30.0,60.0,0.0,140.0,0.0,0.0,0.0,0.0,0.0,0.0,10.0,0.0
Karanganyar Provinsi : Jawa Tengah,Demak,Karanganyar,21,40.0,200.0,360.0,0.0,0.0,0.0,0.0,0.0,0.0,0.0,650.0,0.0
Karanganyar Provinsi : Jawa Tengah,Demak,Karanganyar,22,20.0,140.0,0.0,0.0,0.0,0.0,0.0,0.0,0.0,0.0,20.0,0.0
Karanganyar Provinsi : Jawa Tengah,Demak,Karanganyar,23,0.0,580.0,50.0,0.0,0.0,0.0,0.0,0.0,0.0,0.0,0.0,0.0
Karanganyar Provinsi : Jawa Tengah,Demak,Karanganyar,24,0.0,270.0,10.0,0.0,0.0,0.0,0.0,0.0,0.0,0.0,0.0,90.0
Karanganyar Provinsi : Jawa Tengah,Demak,Karanganyar,25,0.0,100.0,0.0,10.0,0.0,0.0,0.0,0.0,0.0,80.0,220.0,0.0
Karanganyar Provinsi : Jawa Tengah,Demak,Karanganyar,26,10.0,280.0,0.0,0.0,0.0,0.0,0.0,0.0,60.0,0.0,130.0,50.0
Karanganyar Provinsi : Jawa Tengah,Demak,Karanganyar,27,120.0,120.0,20.0,150.0,0.0,0.0,0.0,0.0,0.0,0.0,80.0,50.0
Karanganyar Provinsi : Jawa Tengah,Demak,Karanganyar,28,10.0,490.0,0.0,0.0,0.0,0.0,0.0,0.0,0.0,0.0,30.0,0.0
Karanganyar Provinsi : Jawa Tengah,Demak,Karanganyar,29,40.0,0.0,0.0,50.0,0.0,0.0,0.0,0.0,0.0,0.0,0.0,10.0
Karanganyar Provinsi : Jawa Tengah,Demak,Karanganyar,30,110.0,0.0,10.0,180.0,0.0,0.0,0.0,0.0,0.0,0.0,0.0,400.0
Karanganyar Provinsi : Jawa Tengah,Demak,Karanganyar,31,30.0,0.0,240.0,0.0,0.0,0.0,0.0,0.0,0.0,230.0,0.0,0.0
Kedungw D a A ru TA CURAH H P U ro J vi A ns N i HARIAN :Jawa Tengah 2023 GRAFIK HUJAN (mm) 2023 LATIT L U E D T E A -7 K . 0 P 0 O 7 S 2222,Blora LONGITUDE,Kunduran 111.3750000,1,290.0,390.0,150.0,10.0,0.0,0.0,0.0,0.0,0.0,0.0,0.0,0.0
Kedungw D a A ru TA CURAH H P U ro J vi A ns N i HARIAN :Jawa Tengah 2023 GRAFIK HUJAN (mm) 2023 LATIT L U E D T E A -7 K . 0 P 0 O 7 S 2222,Blora LONGITUDE,Kunduran 111.3750000,2,30.0,90.0,420.0,630.0,0.0,0.0,0.0,0.0,0.0,0.0,110.0,330.0
Kedungw D a A ru TA CURAH H P U ro J vi A ns N i HARIAN :Jawa Tengah 2023 GRAFIK HUJAN (mm) 2023 LATIT L U E D T E A -7 K . 0 P 0 O 7 S 2222,Blora LONGITUDE,Kunduran 111.3750000,3,280.0,60.0,310.0,0.0,0.0,0.0,0.0,0.0,0.0,0.0,0.0,20.0
Kedungw D a A ru TA CURAH H P U ro J vi A ns N i HARIAN :Jawa Tengah 2023 GRAFIK HUJAN (mm) 2023 LATIT L U E D T E A -7 K . 0 P 0 O 7 S 2222,Blora LONGITUDE,Kunduran 111.3750000,4,0.0,0.0,0.0,0.0,40.0,0.0,0.0,0.0,0.0,0.0,310.0,360.0
Kedungw D a A ru TA CURAH H P U ro J vi A ns N i HARIAN :Jawa Tengah 2023 GRAFIK HUJAN (mm) 2023 LATIT L U E D T E A -7 K . 0 P 0 O 7 S 2222,Blora LONGITUDE,Kunduran 111.3750000,5,20.0,20.0,220.0,0.0,0.0,10.0,10.0,0.0,0.0,0.0,0.0,0.0
Kedungw D a A ru TA CURAH H P U ro J vi A ns N i HARIAN :Jawa Tengah 2023 GRAFIK HUJAN (mm) 2023 LATIT L U E D T E A -7 K . 0 P 0 O 7 S 2222,Blora LONGITUDE,Kunduran 111.3750000,6,240.0,0.0,70.0,0.0,0.0,0.0,0.0,0.0,0.0,0.0,0.0,40.0
Kedungw D a A ru TA CURAH H P U ro J vi A ns N i HARIAN :Jawa Tengah 2023 GRAFIK HUJAN (mm) 2023 LATIT L U E D T E A -7 K . 0 P 0 O 7 S 2222,Blora LONGITUDE,Kunduran 111.3750000,7,20.0,20.0,0.0,280.0,30.0,0.0,80.0,0.0,0.0,0.0,0.0,0.0
Kedungw D a A ru TA CURAH H P U ro J vi A ns N i HARIAN :Jawa Tengah 2023 GRAFIK HUJAN (mm) 2023 LATIT L U E D T E A -7 K . 0 P 0 O 7 S 2222,Blora LONGITUDE,Kunduran 111.3750000,8,330.0,30.0,10.0,0.0,20.0,60.0,20.0,0.0,0.0,0.0,0.0,20.0
Kedungw D a A ru TA CURAH H P U ro J vi A ns N i HARIAN :Jawa Tengah 2023 GRAFIK HUJAN (mm) 2023 LATIT L U E D T E A -7 K . 0 P 0 O 7 S 2222,Blora LONGITUDE,Kunduran 111.3750000,9,120.0,20.0,40.0,350.0,0.0,120.0,0.0,0.0,0.0,0.0,0.0,580.0
Kedungw D a A ru TA CURAH H P U ro J vi A ns N i HARIAN :Jawa Tengah 2023 GRAFIK HUJAN (mm) 2023 LATIT L U E D T E A -7 K . 0 P 0 O 7 S 2222,Blora LONGITUDE,Kunduran 111.3750000,10,80.0,0.0,0.0,0.0,0.0,0.0,0.0,0.0,0.0,0.0,100.0,0.0
Kedungw D a A ru TA CURAH H P U ro J vi A ns N i HARIAN :Jawa Tengah 2023 GRAFIK HUJAN (mm) 2023 LATIT L U E D T E A -7 K . 0 P 0 O 7 S 2222,Blora LONGITUDE,Kunduran 111.3750000,11,0.0,110.0,90.0,100.0,20.0,0.0,0.0,0.0,0.0,20.0,0.0,0.0
Kedungw D a A ru TA CURAH H P U ro J vi A ns N i HARIAN :Jawa Tengah 2023 GRAFIK HUJAN (mm) 2023 LATIT L U E D T E A -7 K . 0 P 0 O 7 S 2222,Blora LONGITUDE,Kunduran 111.3750000,12,0.0,20.0,40.0,0.0,40.0,0.0,0.0,0.0,0.0,0.0,30.0,0.0
Kedungw D a A ru TA CURAH H P U ro J vi A ns N i HARIAN :Jawa Tengah 2023 GRAFIK HUJAN (mm) 2023 LATIT L U E D T E A -7 K . 0 P 0 O 7 S 2222,Blora LONGITUDE,Kunduran 111.3750000,13,0.0,0.0,80.0,0.0,0.0,0.0,0.0,0.0,0.0,0.0,40.0,0.0
Kedungw D a A ru TA CURAH H P U ro J vi A ns N i HARIAN :Jawa Tengah 2023 GRAFIK HUJAN (mm) 2023 LATIT L U E D T E A -7 K . 0 P 0 O 7 S 2222,Blora LONGITUDE,Kunduran 111.3750000,14,0.0,20.0,0.0,0.0,0.0,0.0,0.0,0.0,0.0,10.0,10.0,10.0
Kedungw D a A ru TA CURAH H P U ro J vi A ns N i HARIAN :Jawa Tengah 2023 GRAFIK HUJAN (mm) 2023 LATIT L U E D T E A -7 K . 0 P 0 O 7 S 2222,Blora LONGITUDE,Kunduran 111.3750000,15,0.0,10.0,30.0,0.0,0.0,0.0,0.0,0.0,0.0,0.0,0.0,30.0
Kedungw D a A ru TA CURAH H P U ro J vi A ns N i HARIAN :Jawa Tengah 2023 GRAFIK HUJAN (mm) 2023 LATIT L U E D T E A -7 K . 0 P 0 O 7 S 2222,Blora LONGITUDE,Kunduran 111.3750000,16,0.0,70.0,0.0,0.0,0.0,0.0,0.0,0.0,0.0,0.0,20.0,0.0
Kedungw D a A ru TA CURAH H P U ro J vi A ns N i HARIAN :Jawa Tengah 2023 GRAFIK HUJAN (mm) 2023 LATIT L U E D T E A -7 K . 0 P 0 O 7 S 2222,Blora LONGITUDE,Kunduran 111.3750000,17,0.0,360.0,0.0,120.0,0.0,0.0,0.0,0.0,0.0,0.0,0.0,0.0
Kedungw D a A ru TA CURAH H P U ro J vi A ns N i HARIAN :Jawa Tengah 2023 GRAFIK HUJAN (mm) 2023 LATIT L U E D T E A -7 K . 0 P 0 O 7 S 2222,Blora LONGITUDE,Kunduran 111.3750000,18,30.0,120.0,50.0,0.0,0.0,0.0,0.0,0.0,30.0,0.0,0.0,0.0
Kedungw D a A ru TA CURAH H P U ro J vi A ns N i HARIAN :Jawa Tengah 2023 GRAFIK HUJAN (mm) 2023 LATIT L U E D T E A -7 K . 0 P 0 O 7 S 2222,Blora LONGITUDE,Kunduran 111.3750000,19,0.0,0.0,20.0,0.0,0.0,0.0,0.0,0.0,0.0,0.0,0.0,0.0
Kedungw D a A ru TA CURAH H P U ro J vi A ns N i HARIAN :Jawa Tengah 2023 GRAFIK HUJAN (mm) 2023 LATIT L U E D T E A -7 K . 0 P 0 O 7 S 2222,Blora LONGITUDE,Kunduran 111.3750000,20,130.0,0.0,50.0,0.0,0.0,20.0,0.0,0.0,0.0,0.0,10.0,0.0
Kedungw D a A ru TA CURAH H P U ro J vi A ns N i HARIAN :Jawa Tengah 2023 GRAFIK HUJAN (mm) 2023 LATIT L U E D T E A -7 K . 0 P 0 O 7 S 2222,Blora LONGITUDE,Kunduran 111.3750000,21,0.0,50.0,270.0,0.0,0.0,0.0,0.0,0.0,0.0,0.0,490.0,0.0
Kedungw D a A ru TA CURAH H P U ro J vi A ns N i HARIAN :Jawa Tengah 2023 GRAFIK HUJAN (mm) 2023 LATIT L U E D T E A -7 K . 0 P 0 O 7 S 2222,Blora LONGITUDE,Kunduran 111.3750000,22,0.0,10.0,0.0,0.0,0.0,0.0,0.0,0.0,0.0,0.0,10.0,0.0
Kedungw D a A ru TA CURAH H P U ro J vi A ns N i HARIAN :Jawa Tengah 2023 GRAFIK HUJAN (mm) 2023 LATIT L U E D T E A -7 K . 0 P 0 O 7 S 2222,Blora LONGITUDE,Kunduran 111.3750000,23,60.0,30.0,0.0,40.0,0.0,0.0,0.0,0.0,0.0,0.0,0.0,0.0
Kedungw D a A ru TA CURAH H P U ro J vi A ns N i HARIAN :Jawa Tengah 2023 GRAFIK HUJAN (mm) 2023 LATIT L U E D T E A -7 K . 0 P 0 O 7 S 2222,Blora LONGITUDE,Kunduran 111.3750000,24,0.0,20.0,0.0,0.0,0.0,0.0,0.0,0.0,0.0,0.0,30.0,0.0
Kedungw D a A ru TA CURAH H P U ro J vi A ns N i HARIAN :Jawa Tengah 2023 GRAFIK HUJAN (mm) 2023 LATIT L U E D T E A -7 K . 0 P 0 O 7 S 2222,Blora LONGITUDE,Kunduran 111.3750000,25,0.0,30.0,0.0,0.0,30.0,0.0,0.0,0.0,0.0,0.0,80.0,0.0
Kedungw D a A ru TA CURAH H P U ro J vi A ns N i HARIAN :Jawa Tengah 2023 GRAFIK HUJAN (mm) 2023 LATIT L U E D T E A -7 K . 0 P 0 O 7 S 2222,Blora LONGITUDE,Kunduran 111.3750000,26,60.0,40.0,20.0,0.0,0.0,0.0,0.0,0.0,0.0,0.0,10.0,0.0
Kedungw D a A ru TA CURAH H P U ro J vi A ns N i HARIAN :Jawa Tengah 2023 GRAFIK HUJAN (mm) 2023 LATIT L U E D T E A -7 K . 0 P 0 O 7 S 2222,Blora LONGITUDE,Kunduran 111.3750000,27,20.0,10.0,10.0,0.0,0.0,0.0,0.0,0.0,0.0,0.0,610.0,20.0
Kedungw D a A ru TA CURAH H P U ro J vi A ns N i HARIAN :Jawa Tengah 2023 GRAFIK HUJAN (mm) 2023 LATIT L U E D T E A -7 K . 0 P 0 O 7 S 2222,Blora LONGITUDE,Kunduran 111.3750000,28,0.0,40.0,160.0,30.0,0.0,0.0,0.0,0.0,0.0,0.0,430.0,10.0
Kedungw D a A ru TA CURAH H P U ro J vi A ns N i HARIAN :Jawa Tengah 2023 GRAFIK HUJAN (mm) 2023 LATIT L U E D T E A -7 K . 0 P 0 O 7 S 2222,Blora LONGITUDE,Kunduran 111.3750000,29,30.0,0.0,20.0,60.0,0.0,0.0,0.0,40.0,0.0,0.0,10.0,20.0
Kedungw D a A ru TA CURAH H P U ro J vi A ns N i HARIAN :Jawa Tengah 2023 GRAFIK HUJAN (mm) 2023 LATIT L U E D T E A -7 K . 0 P 0 O 7 S 2222,Blora LONGITUDE,Kunduran 111.3750000,30,20.0,0.0,10.0,180.0,0.0,0.0,0.0,0.0,0.0,0.0,20.0,20.0
Prawoto Provinsi : Jawa Tengah,Pati,Sukolilo,1,160.0,310.0,0.0,0.0,0.0,0.0,0.0,0.0,0.0,0.0,60.0,190.0
Prawoto Provinsi : Jawa Tengah,Pati,Sukolilo,2,20.0,60.0,240.0,0.0,0.0,0.0,0.0,0.0,0.0,0.0,0.0,320.0
Prawoto Provinsi : Jawa Tengah,Pati,Sukolilo,3,230.0,430.0,400.0,0.0,0.0,0.0,0.0,0.0,0.0,0.0,0.0,20.0
Prawoto Provinsi : Jawa Tengah,Pati,Sukolilo,4,0.0,0.0,0.0,0.0,0.0,0.0,0.0,0.0,0.0,0.0,410.0,0.0
Prawoto Provinsi : Jawa Tengah,Pati,Sukolilo,5,0.0,0.0,180.0,0.0,0.0,0.0,0.0,0.0,0.0,0.0,60.0,290.0
Prawoto Provinsi : Jawa Tengah,Pati,Sukolilo,6,870.0,0.0,0.0,0.0,0.0,0.0,0.0,0.0,0.0,0.0,0.0,80.0
Prawoto Provinsi : Jawa Tengah,Pati,Sukolilo,7,100.0,30.0,320.0,0.0,0.0,320.0,170.0,0.0,0.0,0.0,0.0,0.0
Prawoto Provinsi : Jawa Tengah,Pati,Sukolilo,8,0.0,160.0,40.0,0.0,90.0,230.0,0.0,0.0,0.0,0.0,0.0,50.0
Prawoto Provinsi : Jawa Tengah,Pati,Sukolilo,9,120.0,60.0,0.0,90.0,0.0,0.0,0.0,0.0,0.0,0.0,50.0,320.0
Prawoto Provinsi : Jawa Tengah,Pati,Sukolilo,10,60.0,0.0,0.0,0.0,0.0,0.0,0.0,0.0,0.0,0.0,0.0,0.0
Prawoto Provinsi : Jawa Tengah,Pati,Sukolilo,11,0.0,680.0,0.0,0.0,40.0,0.0,0.0,0.0,0.0,0.0,0.0,0.0
Prawoto Provinsi : Jawa Tengah,Pati,Sukolilo,12,0.0,270.0,390.0,0.0,500.0,30.0,0.0,0.0,0.0,0.0,0.0,0.0
Prawoto Provinsi : Jawa Tengah,Pati,Sukolilo,13,0.0,130.0,470.0,0.0,0.0,0.0,0.0,0.0,0.0,0.0,20.0,0.0
Prawoto Provinsi : Jawa Tengah,Pati,Sukolilo,14,70.0,0.0,490.0,0.0,0.0,0.0,0.0,0.0,0.0,140.0,20.0,0.0
Prawoto Provinsi : Jawa Tengah,Pati,Sukolilo,15,350.0,0.0,330.0,240.0,0.0,0.0,0.0,0.0,0.0,0.0,0.0,0.0
Prawoto Provinsi : Jawa Tengah,Pati,Sukolilo,16,30.0,20.0,0.0,0.0,0.0,0.0,0.0,0.0,0.0,0.0,120.0,0.0
Prawoto Provinsi : Jawa Tengah,Pati,Sukolilo,17,40.0,840.0,0.0,0.0,0.0,0.0,0.0,0.0,0.0,0.0,10.0,0.0
Prawoto Provinsi : Jawa Tengah,Pati,Sukolilo,18,0.0,100.0,270.0,0.0,0.0,0.0,0.0,0.0,50.0,0.0,0.0,0.0
Prawoto Provinsi : Jawa Tengah,Pati,Sukolilo,19,0.0,0.0,0.0,0.0,0.0,0.0,0.0,0.0,0.0,0.0,0.0,0.0
Prawoto Provinsi : Jawa Tengah,Pati,Sukolilo,20,50.0,0.0,0.0,0.0,0.0,0.0,0.0,0.0,0.0,0.0,490.0,0.0
Prawoto Provinsi : Jawa Tengah,Pati,Sukolilo,21,60.0,440.0,390.0,0.0,0.0,0.0,0.0,0.0,0.0,0.0,0.0,0.0
Prawoto Provinsi : Jawa Tengah,Pati,Sukolilo,22,90.0,310.0,0.0,0.0,0.0,0.0,0.0,0.0,0.0,0.0,0.0,0.0
Prawoto Provinsi : Jawa Tengah,Pati,Sukolilo,23,0.0,0.0,0.0,0.0,0.0,0.0,0.0,0.0,0.0,0.0,0.0,0.0
Prawoto Provinsi : Jawa Tengah,Pati,Sukolilo,24,220.0,160.0,0.0,0.0,0.0,0.0,0.0,0.0,0.0,0.0,650.0,60.0
Prawoto Provinsi : Jawa Tengah,Pati,Sukolilo,25,90.0,0.0,0.0,0.0,0.0,0.0,0.0,0.0,0.0,20.0,350.0,0.0
Prawoto Provinsi : Jawa Tengah,Pati,Sukolilo,26,0.0,120.0,0.0,0.0,0.0,0.0,0.0,0.0,0.0,0.0,0.0,0.0
Prawoto Provinsi : Jawa Tengah,Pati,Sukolilo,27,0.0,40.0,0.0,290.0,0.0,150.0,0.0,0.0,0.0,0.0,540.0,0.0
Prawoto Provinsi : Jawa Tengah,Pati,Sukolilo,28,0.0,290.0,0.0,0.0,0.0,0.0,0.0,0.0,0.0,0.0,360.0,20.0
Prawoto Provinsi : Jawa Tengah,Pati,Sukolilo,29,0.0,0.0,0.0,130.0,0.0,0.0,0.0,0.0,0.0,0.0,270.0,0.0
Prawoto Provinsi : Jawa Tengah,Pati,Sukolilo,30,0.0,0.0,0.0,50.0,0.0,0.0,0.0,0.0,0.0,0.0,0.0,530.0
Prawoto Provinsi : Jawa Tengah,Pati,Sukolilo,31,0.0,0.0,790.0,0.0,0.0,0.0,0.0,0.0,0.0,0.0,0.0,0.0
Pucakwangi Provinsi : Jawa Tengah,Pati,Pucakwangi,1,430.0,230.0,90.0,0.0,0.0,0.0,0.0,0.0,0.0,0.0,0.0,0.0
Pucakwangi Provinsi : Jawa Tengah,Pati,Pucakwangi,2,190.0,0.0,750.0,70.0,70.0,0.0,0.0,0.0,0.0,0.0,210.0,250.0
Pucakwangi Provinsi : Jawa Tengah,Pati,Pucakwangi,3,40.0,120.0,260.0,70.0,0.0,0.0,160.0,0.0,0.0,0.0,0.0,30.0
Pucakwangi Provinsi : Jawa Tengah,Pati,Pucakwangi,4,40.0,0.0,0.0,0.0,0.0,0.0,0.0,0.0,0.0,0.0,60.0,0.0
Pucakwangi Provinsi : Jawa Tengah,Pati,Pucakwangi,5,50.0,30.0,220.0,0.0,0.0,0.0,0.0,0.0,0.0,0.0,0.0,0.0
Pucakwangi Provinsi : Jawa Tengah,Pati,Pucakwangi,6,210.0,0.0,190.0,60.0,0.0,0.0,130.0,0.0,0.0,0.0,0.0,0.0
Pucakwangi Provinsi : Jawa Tengah,Pati,Pucakwangi,7,110.0,0.0,240.0,320.0,0.0,80.0,0.0,0.0,0.0,0.0,0.0,0.0
Pucakwangi Provinsi : Jawa Tengah,Pati,Pucakwangi,8,690.0,120.0,0.0,0.0,0.0,0.0,30.0,0.0,0.0,0.0,0.0,70.0
Pucakwangi Provinsi : Jawa Tengah,Pati,Pucakwangi,9,160.0,100.0,0.0,0.0,70.0,0.0,0.0,0.0,0.0,0.0,0.0,250.0
Pucakwangi Provinsi : Jawa Tengah,Pati,Pucakwangi,10,630.0,0.0,0.0,0.0,0.0,0.0,0.0,0.0,0.0,0.0,310.0,0.0
Pucakwangi Provinsi : Jawa Tengah,Pati,Pucakwangi,11,300.0,130.0,140.0,0.0,0.0,0.0,0.0,0.0,0.0,0.0,90.0,0.0
Pucakwangi Provinsi : Jawa Tengah,Pati,Pucakwangi,12,0.0,150.0,100.0,0.0,310.0,20.0,0.0,0.0,0.0,0.0,0.0,0.0
Pucakwangi Provinsi : Jawa Tengah,Pati,Pucakwangi,13,0.0,0.0,0.0,0.0,0.0,20.0,0.0,0.0,0.0,0.0,230.0,0.0
Pucakwangi Provinsi : Jawa Tengah,Pati,Pucakwangi,14,290.0,30.0,0.0,0.0,0.0,0.0,0.0,0.0,0.0,50.0,130.0,0.0
Pucakwangi Provinsi : Jawa Tengah,Pati,Pucakwangi,15,60.0,0.0,0.0,0.0,0.0,0.0,0.0,0.0,0.0,0.0,50.0,590.0
Pucakwangi Provinsi : Jawa Tengah,Pati,Pucakwangi,16,50.0,320.0,0.0,0.0,0.0,0.0,0.0,0.0,0.0,0.0,630.0,0.0
Pucakwangi Provinsi : Jawa Tengah,Pati,Pucakwangi,17,0.0,160.0,0.0,0.0,0.0,0.0,0.0,0.0,0.0,0.0,430.0,0.0
Pucakwangi Provinsi : Jawa Tengah,Pati,Pucakwangi,18,0.0,50.0,150.0,0.0,0.0,0.0,0.0,0.0,180.0,0.0,0.0,0.0
Pucakwangi Provinsi : Jawa Tengah,Pati,Pucakwangi,19,0.0,0.0,0.0,0.0,0.0,0.0,0.0,0.0,0.0,0.0,0.0,0.0
Pucakwangi Provinsi : Jawa Tengah,Pati,Pucakwangi,20,190.0,20.0,120.0,0.0,0.0,0.0,0.0,0.0,0.0,0.0,80.0,0.0
Pucakwangi Provinsi : Jawa Tengah,Pati,Pucakwangi,21,0.0,0.0,760.0,0.0,0.0,0.0,0.0,0.0,0.0,0.0,660.0,0.0
Pucakwangi Provinsi : Jawa Tengah,Pati,Pucakwangi,22,110.0,100.0,0.0,0.0,0.0,0.0,0.0,0.0,0.0,0.0,0.0,0.0
Pucakwangi Provinsi : Jawa Tengah,Pati,Pucakwangi,23,1020.0,240.0,0.0,0.0,0.0,0.0,0.0,0.0,0.0,0.0,40.0,0.0
Pucakwangi Provinsi : Jawa Tengah,Pati,Pucakwangi,24,30.0,130.0,0.0,0.0,0.0,0.0,0.0,0.0,0.0,0.0,20.0,0.0
Pucakwangi Provinsi : Jawa Tengah,Pati,Pucakwangi,25,0.0,50.0,0.0,0.0,0.0,0.0,0.0,0.0,0.0,0.0,180.0,0.0
Pucakwangi Provinsi : Jawa Tengah,Pati,Pucakwangi,26,0.0,260.0,0.0,0.0,0.0,80.0,0.0,0.0,0.0,0.0,0.0,70.0
Pucakwangi Provinsi : Jawa Tengah,Pati,Pucakwangi,27,70.0,150.0,0.0,0.0,0.0,200.0,0.0,0.0,0.0,0.0,250.0,0.0
Pucakwangi Provinsi : Jawa Tengah,Pati,Pucakwangi,28,0.0,350.0,0.0,0.0,0.0,0.0,0.0,0.0,0.0,0.0,0.0,60.0
Pucakwangi Provinsi : Jawa Tengah,Pati,Pucakwangi,29,0.0,0.0,0.0,60.0,0.0,130.0,0.0,0.0,0.0,0.0,60.0,500.0
Pucakwangi Provinsi : Jawa Tengah,Pati,Pucakwangi,30,20.0,0.0,0.0,0.0,0.0,0.0,0.0,0.0,0.0,0.0,0.0,390.0
Pucakwangi Provinsi : Jawa Tengah,Pati,Pucakwangi,31,0.0,0.0,100.0,0.0,0.0,0.0,0.0,0.0,0.0,0.0,0.0,0.0
Pucakwangi Provinsi : Jawa Tengah,Pati,Pucakwangi,1,1100.0,530.0,450.0,0.0,0.0,0.0,0.0,0.0,0.0,0.0,0.0,890.0
Pucakwangi Provinsi : Jawa Tengah,Pati,Pucakwangi,2,850.0,110.0,1290.0,0.0,0.0,0.0,0.0,0.0,0.0,0.0,90.0,1110.0
Pucakwangi Provinsi : Jawa Tengah,Pati,Pucakwangi,3,60.0,530.0,600.0,330.0,0.0,0.0,0.0,0.0,0.0,0.0,470.0,0.0
Pucakwangi Provinsi : Jawa Tengah,Pati,Pucakwangi,4,600.0,260.0,220.0,0.0,0.0,0.0,0.0,0.0,0.0,0.0,0.0,0.0
Pucakwangi Provinsi : Jawa Tengah,Pati,Pucakwangi,5,570.0,210.0,480.0,0.0,0.0,0.0,0.0,0.0,0.0,0.0,0.0,0.0
Pucakwangi Provinsi : Jawa Tengah,Pati,Pucakwangi,6,100.0,230.0,60.0,0.0,0.0,0.0,130.0,0.0,0.0,0.0,0.0,0.0
Pucakwangi Provinsi : Jawa Tengah,Pati,Pucakwangi,7,0.0,190.0,0.0,0.0,0.0,0.0,0.0,0.0,0.0,0.0,0.0,450.0
Pucakwangi Provinsi : Jawa Tengah,Pati,Pucakwangi,8,250.0,490.0,0.0,0.0,0.0,140.0,0.0,0.0,0.0,0.0,0.0,0.0
Pucakwangi Provinsi : Jawa Tengah,Pati,Pucakwangi,9,30.0,320.0,190.0,0.0,0.0,0.0,0.0,0.0,0.0,0.0,0.0,250.0
Pucakwangi Provinsi : Jawa Tengah,Pati,Pucakwangi,10,0.0,30.0,560.0,100.0,0.0,0.0,0.0,0.0,0.0,0.0,0.0,40.0
Pucakwangi Provinsi : Jawa Tengah,Pati,Pucakwangi,11,0.0,340.0,0.0,120.0,0.0,20.0,0.0,0.0,0.0,0.0,0.0,360.0
Pucakwangi Provinsi : Jawa Tengah,Pati,Pucakwangi,12,0.0,170.0,30.0,390.0,1000.0,150.0,0.0,0.0,0.0,0.0,0.0,0.0
Pucakwangi Provinsi : Jawa Tengah,Pati,Pucakwangi,13,0.0,190.0,0.0,0.0,0.0,0.0,0.0,0.0,60.0,0.0,0.0,0.0
Pucakwangi Provinsi : Jawa Tengah,Pati,Pucakwangi,14,0.0,0.0,90.0,0.0,0.0,0.0,0.0,0.0,0.0,0.0,0.0,0.0
Pucakwangi Provinsi : Jawa Tengah,Pati,Pucakwangi,15,130.0,60.0,0.0,600.0,0.0,0.0,0.0,0.0,0.0,0.0,0.0,0.0
Pucakwangi Provinsi : Jawa Tengah,Pati,Pucakwangi,16,0.0,430.0,0.0,0.0,0.0,0.0,0.0,0.0,0.0,0.0,100.0,130.0
Pucakwangi Provinsi : Jawa Tengah,Pati,Pucakwangi,17,170.0,620.0,0.0,0.0,0.0,0.0,0.0,0.0,0.0,0.0,90.0,0.0
Pucakwangi Provinsi : Jawa Tengah,Pati,Pucakwangi,18,200.0,770.0,0.0,0.0,0.0,0.0,0.0,0.0,250.0,0.0,0.0,0.0
Pucakwangi Provinsi : Jawa Tengah,Pati,Pucakwangi,19,160.0,300.0,0.0,0.0,0.0,0.0,0.0,0.0,0.0,0.0,0.0,0.0
Pucakwangi Provinsi : Jawa Tengah,Pati,Pucakwangi,20,0.0,160.0,80.0,0.0,0.0,230.0,0.0,0.0,0.0,0.0,60.0,0.0
Pucakwangi Provinsi : Jawa Tengah,Pati,Pucakwangi,21,270.0,520.0,0.0,0.0,0.0,0.0,0.0,0.0,0.0,0.0,250.0,0.0
Pucakwangi Provinsi : Jawa Tengah,Pati,Pucakwangi,22,120.0,670.0,0.0,100.0,0.0,0.0,0.0,0.0,0.0,0.0,0.0,0.0
Pucakwangi Provinsi : Jawa Tengah,Pati,Pucakwangi,23,0.0,0.0,510.0,50.0,0.0,0.0,0.0,0.0,0.0,0.0,0.0,0.0
Pucakwangi Provinsi : Jawa Tengah,Pati,Pucakwangi,24,750.0,0.0,0.0,0.0,0.0,0.0,0.0,0.0,0.0,0.0,0.0,80.0
Pucakwangi Provinsi : Jawa Tengah,Pati,Pucakwangi,25,0.0,0.0,0.0,130.0,0.0,0.0,0.0,0.0,0.0,0.0,0.0,0.0
Pucakwangi Provinsi : Jawa Tengah,Pati,Pucakwangi,26,1640.0,0.0,140.0,0.0,0.0,0.0,0.0,0.0,0.0,0.0,0.0,390.0
Pucakwangi Provinsi : Jawa Tengah,Pati,Pucakwangi,27,500.0,0.0,0.0,0.0,0.0,0.0,0.0,0.0,0.0,0.0,0.0,0.0
Pucakwangi Provinsi : Jawa Tengah,Pati,Pucakwangi,28,300.0,0.0,50.0,0.0,0.0,0.0,0.0,0.0,0.0,0.0,550.0,250.0
Pucakwangi Provinsi : Jawa Tengah,Pati,Pucakwangi,29,200.0,0.0,0.0,220.0,0.0,0.0,0.0,0.0,0.0,0.0,0.0,0.0
Pucakwangi Provinsi : Jawa Tengah,Pati,Pucakwangi,30,290.0,0.0,40.0,0.0,0.0,0.0,0.0,0.0,0.0,0.0,0.0,0.0
Randugunting Provinsi : Jawa Tengah,Pati,Batangan,1,200.0,120.0,20.0,200.0,0.0,0.0,0.0,0.0,0.0,0.0,0.0,0.0
Randugunting Provinsi : Jawa Tengah,Pati,Batangan,2,50.0,50.0,120.0,50.0,0.0,0.0,0.0,0.0,0.0,0.0,0.0,300.0
Randugunting Provinsi : Jawa Tengah,Pati,Batangan,3,300.0,210.0,330.0,300.0,0.0,0.0,0.0,0.0,0.0,0.0,0.0,170.0
Randugunting Provinsi : Jawa Tengah,Pati,Batangan,4,0.0,20.0,0.0,0.0,0.0,0.0,0.0,0.0,0.0,0.0,0.0,0.0
Randugunting Provinsi : Jawa Tengah,Pati,Batangan,5,0.0,50.0,0.0,0.0,0.0,0.0,0.0,120.0,0.0,0.0,0.0,0.0
Randugunting Provinsi : Jawa Tengah,Pati,Batangan,6,0.0,100.0,0.0,0.0,0.0,0.0,0.0,0.0,0.0,0.0,0.0,0.0
Randugunting Provinsi : Jawa Tengah,Pati,Batangan,7,0.0,170.0,0.0,0.0,0.0,0.0,0.0,0.0,0.0,0.0,0.0,0.0
Randugunting Provinsi : Jawa Tengah,Pati,Batangan,8,350.0,120.0,170.0,350.0,0.0,0.0,0.0,0.0,0.0,0.0,0.0,0.0
Randugunting Provinsi : Jawa Tengah,Pati,Batangan,9,100.0,100.0,40.0,100.0,0.0,0.0,0.0,0.0,0.0,0.0,0.0,0.0
Randugunting Provinsi : Jawa Tengah,Pati,Batangan,10,0.0,0.0,0.0,0.0,0.0,0.0,0.0,0.0,0.0,0.0,200.0,0.0
Randugunting Provinsi : Jawa Tengah,Pati,Batangan,11,20.0,250.0,0.0,20.0,0.0,0.0,0.0,0.0,0.0,0.0,70.0,0.0
Randugunting Provinsi : Jawa Tengah,Pati,Batangan,12,0.0,0.0,50.0,0.0,0.0,0.0,0.0,0.0,0.0,0.0,0.0,0.0
Randugunting Provinsi : Jawa Tengah,Pati,Batangan,13,0.0,110.0,0.0,0.0,0.0,0.0,0.0,0.0,0.0,0.0,270.0,0.0
Randugunting Provinsi : Jawa Tengah,Pati,Batangan,14,200.0,0.0,0.0,200.0,0.0,0.0,0.0,0.0,0.0,0.0,30.0,0.0
Randugunting Provinsi : Jawa Tengah,Pati,Batangan,15,100.0,50.0,0.0,100.0,0.0,0.0,0.0,0.0,0.0,0.0,150.0,90.0
Randugunting Provinsi : Jawa Tengah,Pati,Batangan,16,0.0,500.0,210.0,0.0,0.0,0.0,0.0,0.0,0.0,0.0,0.0,0.0
Randugunting Provinsi : Jawa Tengah,Pati,Batangan,17,0.0,200.0,30.0,0.0,0.0,0.0,0.0,0.0,0.0,0.0,0.0,0.0
Randugunting Provinsi : Jawa Tengah,Pati,Batangan,18,0.0,150.0,0.0,0.0,0.0,0.0,0.0,0.0,0.0,0.0,0.0,0.0
Randugunting Provinsi : Jawa Tengah,Pati,Batangan,19,0.0,80.0,0.0,0.0,0.0,0.0,0.0,0.0,0.0,0.0,0.0,0.0
Randugunting Provinsi : Jawa Tengah,Pati,Batangan,20,50.0,0.0,0.0,50.0,0.0,900.0,0.0,0.0,200.0,0.0,100.0,0.0
Randugunting Provinsi : Jawa Tengah,Pati,Batangan,21,200.0,300.0,110.0,200.0,0.0,0.0,0.0,0.0,0.0,0.0,250.0,0.0
Randugunting Provinsi : Jawa Tengah,Pati,Batangan,22,150.0,160.0,0.0,150.0,0.0,0.0,0.0,0.0,0.0,0.0,30.0,0.0
Randugunting Provinsi : Jawa Tengah,Pati,Batangan,23,300.0,0.0,70.0,300.0,0.0,0.0,0.0,0.0,0.0,0.0,0.0,0.0
Randugunting Provinsi : Jawa Tengah,Pati,Batangan,24,100.0,0.0,200.0,100.0,0.0,0.0,0.0,0.0,0.0,0.0,50.0,0.0
Randugunting Provinsi : Jawa Tengah,Pati,Batangan,25,50.0,0.0,230.0,50.0,0.0,0.0,0.0,0.0,0.0,0.0,270.0,0.0
Randugunting Provinsi : Jawa Tengah,Pati,Batangan,26,400.0,0.0,0.0,400.0,0.0,0.0,0.0,0.0,0.0,0.0,0.0,0.0
Randugunting Provinsi : Jawa Tengah,Pati,Batangan,27,0.0,0.0,410.0,0.0,0.0,160.0,0.0,0.0,0.0,0.0,120.0,0.0
Randugunting Provinsi : Jawa Tengah,Pati,Batangan,28,0.0,0.0,560.0,0.0,0.0,0.0,0.0,0.0,0.0,0.0,100.0,50.0
Randugunting Provinsi : Jawa Tengah,Pati,Batangan,29,0.0,0.0,0.0,0.0,0.0,0.0,0.0,0.0,0.0,0.0,0.0,0.0
Randugunting Provinsi : Jawa Tengah,Pati,Batangan,30,50.0,0.0,0.0,50.0,0.0,0.0,0.0,0.0,0.0,0.0,0.0,520.0
Randugunting Provinsi : Jawa Tengah,Pati,Batangan,31,350.0,0.0,0.0,350.0,0.0,0.0,0.0,0.0,0.0,0.0,0.0,50.0
Sambung Provinsi : Jawa Tengah,Demak,Gajah,1,710.0,100.0,20.0,0.0,100.0,0.0,0.0,0.0,0.0,0.0,0.0,70.0
Sambung Provinsi : Jawa Tengah,Demak,Gajah,2,0.0,30.0,320.0,0.0,0.0,0.0,0.0,0.0,0.0,0.0,0.0,460.0
Sambung Provinsi : Jawa Tengah,Demak,Gajah,3,260.0,340.0,720.0,0.0,0.0,0.0,0.0,0.0,0.0,0.0,0.0,0.0
Sambung Provinsi : Jawa Tengah,Demak,Gajah,4,450.0,0.0,0.0,0.0,150.0,0.0,0.0,0.0,0.0,0.0,0.0,0.0
Sambung Provinsi : Jawa Tengah,Demak,Gajah,5,80.0,0.0,50.0,0.0,0.0,0.0,0.0,0.0,0.0,0.0,0.0,0.0
Sambung Provinsi : Jawa Tengah,Demak,Gajah,6,320.0,160.0,100.0,0.0,0.0,80.0,0.0,0.0,0.0,0.0,0.0,0.0
Sambung Provinsi : Jawa Tengah,Demak,Gajah,7,0.0,50.0,130.0,0.0,200.0,0.0,0.0,0.0,0.0,0.0,0.0,0.0
Sambung Provinsi : Jawa Tengah,Demak,Gajah,8,110.0,360.0,0.0,0.0,0.0,90.0,0.0,0.0,0.0,0.0,360.0,0.0
Sambung Provinsi : Jawa Tengah,Demak,Gajah,9,50.0,120.0,50.0,0.0,0.0,0.0,0.0,0.0,0.0,0.0,200.0,0.0
Sambung Provinsi : Jawa Tengah,Demak,Gajah,10,0.0,0.0,0.0,150.0,0.0,0.0,0.0,0.0,0.0,0.0,0.0,0.0
Sambung Provinsi : Jawa Tengah,Demak,Gajah,11,0.0,0.0,0.0,0.0,0.0,0.0,0.0,0.0,0.0,0.0,0.0,0.0
Sambung Provinsi : Jawa Tengah,Demak,Gajah,12,150.0,920.0,0.0,0.0,430.0,290.0,0.0,0.0,30.0,0.0,430.0,0.0
Sambung Provinsi : Jawa Tengah,Demak,Gajah,13,200.0,0.0,880.0,0.0,0.0,0.0,0.0,0.0,0.0,0.0,400.0,0.0
Sambung Provinsi : Jawa Tengah,Demak,Gajah,14,100.0,0.0,0.0,0.0,0.0,0.0,0.0,0.0,0.0,0.0,0.0,0.0
Sambung Provinsi : Jawa Tengah,Demak,Gajah,15,300.0,0.0,70.0,200.0,0.0,0.0,0.0,0.0,0.0,200.0,60.0,0.0
Sambung Provinsi : Jawa Tengah,Demak,Gajah,16,200.0,0.0,0.0,0.0,0.0,0.0,0.0,0.0,0.0,0.0,0.0,0.0
Sambung Provinsi : Jawa Tengah,Demak,Gajah,17,0.0,480.0,0.0,0.0,0.0,0.0,0.0,0.0,0.0,0.0,0.0,0.0
Sambung Provinsi : Jawa Tengah,Demak,Gajah,18,100.0,50.0,0.0,0.0,0.0,0.0,0.0,0.0,0.0,0.0,0.0,0.0
Sambung Provinsi : Jawa Tengah,Demak,Gajah,19,340.0,0.0,0.0,0.0,0.0,0.0,0.0,0.0,0.0,0.0,0.0,0.0
Sambung Provinsi : Jawa Tengah,Demak,Gajah,20,30.0,0.0,0.0,150.0,0.0,0.0,0.0,0.0,0.0,0.0,0.0,0.0
Sambung Provinsi : Jawa Tengah,Demak,Gajah,21,0.0,300.0,1100.0,0.0,0.0,0.0,0.0,0.0,0.0,0.0,570.0,0.0
Sambung Provinsi : Jawa Tengah,Demak,Gajah,22,0.0,360.0,50.0,0.0,0.0,0.0,0.0,0.0,0.0,0.0,0.0,0.0
Sambung Provinsi : Jawa Tengah,Demak,Gajah,23,0.0,400.0,0.0,0.0,0.0,0.0,0.0,0.0,0.0,0.0,0.0,0.0
Sambung Provinsi : Jawa Tengah,Demak,Gajah,24,0.0,280.0,0.0,0.0,0.0,0.0,0.0,0.0,0.0,190.0,0.0,0.0
Sambung Provinsi : Jawa Tengah,Demak,Gajah,25,0.0,200.0,80.0,0.0,0.0,0.0,0.0,0.0,0.0,0.0,440.0,220.0
Sambung Provinsi : Jawa Tengah,Demak,Gajah,26,0.0,150.0,0.0,280.0,0.0,0.0,0.0,0.0,0.0,0.0,90.0,0.0
Sambung Provinsi : Jawa Tengah,Demak,Gajah,27,720.0,140.0,100.0,0.0,0.0,0.0,0.0,0.0,0.0,0.0,0.0,0.0
Sambung Provinsi : Jawa Tengah,Demak,Gajah,28,0.0,230.0,0.0,0.0,0.0,0.0,0.0,0.0,0.0,0.0,130.0,0.0
Sambung Provinsi : Jawa Tengah,Demak,Gajah,29,0.0,0.0,0.0,0.0,0.0,0.0,0.0,0.0,0.0,0.0,0.0,0.0
Sambung Provinsi : Jawa Tengah,Demak,Gajah,30,0.0,0.0,0.0,0.0,0.0,0.0,0.0,0.0,0.0,0.0,0.0,270.0
Sambung Provinsi : Jawa Tengah,Demak,Gajah,31,0.0,0.0,50.0,0.0,0.0,0.0,0.0,0.0,0.0,0.0,0.0,0.0
Sangkrah Provinsi : Jawa Tengah,Rembang,Sumber,1,170.0,115.0,10.0,30.0,0.0,0.0,0.0,0.0,0.0,0.0,0.0,130.0
Sangkrah Provinsi : Jawa Tengah,Rembang,Sumber,2,230.0,70.0,130.0,60.0,0.0,0.0,0.0,0.0,0.0,0.0,0.0,360.0
Sangkrah Provinsi : Jawa Tengah,Rembang,Sumber,3,60.0,90.0,70.0,0.0,0.0,0.0,0.0,0.0,0.0,70.0,70.0,0.0
Sangkrah Provinsi : Jawa Tengah,Rembang,Sumber,4,0.0,0.0,10.0,30.0,0.0,0.0,30.0,30.0,0.0,0.0,50.0,0.0
Sangkrah Provinsi : Jawa Tengah,Rembang,Sumber,5,0.0,30.0,0.0,0.0,0.0,0.0,90.0,90.0,0.0,0.0,0.0,0.0
Sangkrah Provinsi : Jawa Tengah,Rembang,Sumber,6,0.0,130.0,0.0,10.0,0.0,110.0,10.0,10.0,0.0,0.0,0.0,0.0
Sangkrah Provinsi : Jawa Tengah,Rembang,Sumber,7,270.0,120.0,0.0,0.0,100.0,30.0,0.0,0.0,0.0,0.0,130.0,0.0
Sangkrah Provinsi : Jawa Tengah,Rembang,Sumber,8,150.0,0.0,0.0,20.0,140.0,0.0,0.0,0.0,0.0,0.0,40.0,240.0
Sangkrah Provinsi : Jawa Tengah,Rembang,Sumber,9,40.0,0.0,110.0,0.0,110.0,0.0,0.0,0.0,0.0,0.0,0.0,0.0
Sangkrah Provinsi : Jawa Tengah,Rembang,Sumber,10,140.0,0.0,160.0,0.0,50.0,0.0,0.0,0.0,0.0,0.0,0.0,0.0
Sangkrah Provinsi : Jawa Tengah,Rembang,Sumber,11,30.0,0.0,40.0,0.0,30.0,0.0,0.0,0.0,0.0,0.0,0.0,0.0
Sangkrah Provinsi : Jawa Tengah,Rembang,Sumber,12,0.0,0.0,20.0,0.0,270.0,0.0,0.0,0.0,0.0,0.0,0.0,0.0
Sangkrah Provinsi : Jawa Tengah,Rembang,Sumber,13,0.0,0.0,0.0,0.0,0.0,0.0,0.0,0.0,0.0,0.0,0.0,0.0
Sangkrah Provinsi : Jawa Tengah,Rembang,Sumber,14,0.0,60.0,0.0,0.0,0.0,0.0,0.0,0.0,0.0,0.0,0.0,0.0
Sangkrah Provinsi : Jawa Tengah,Rembang,Sumber,15,90.0,280.0,0.0,0.0,0.0,80.0,0.0,0.0,0.0,0.0,110.0,0.0
Sangkrah Provinsi : Jawa Tengah,Rembang,Sumber,16,10.0,80.0,0.0,0.0,0.0,190.0,0.0,0.0,0.0,0.0,80.0,0.0
Sangkrah Provinsi : Jawa Tengah,Rembang,Sumber,17,60.0,10.0,90.0,75.0,0.0,0.0,0.0,0.0,0.0,0.0,210.0,0.0
Sangkrah Provinsi : Jawa Tengah,Rembang,Sumber,18,0.0,55.0,50.0,10.0,0.0,0.0,0.0,0.0,0.0,0.0,410.0,0.0
Sangkrah Provinsi : Jawa Tengah,Rembang,Sumber,19,0.0,110.0,0.0,0.0,0.0,0.0,0.0,0.0,0.0,0.0,0.0,0.0
Sangkrah Provinsi : Jawa Tengah,Rembang,Sumber,20,0.0,25.0,0.0,0.0,0.0,0.0,0.0,0.0,0.0,0.0,0.0,0.0
Sangkrah Provinsi : Jawa Tengah,Rembang,Sumber,21,0.0,10.0,0.0,0.0,0.0,0.0,0.0,0.0,0.0,130.0,0.0,0.0
Sangkrah Provinsi : Jawa Tengah,Rembang,Sumber,22,115.0,20.0,0.0,0.0,0.0,0.0,0.0,0.0,0.0,0.0,0.0,0.0
Sangkrah Provinsi : Jawa Tengah,Rembang,Sumber,23,70.0,30.0,0.0,0.0,60.0,0.0,0.0,0.0,0.0,0.0,130.0,0.0
Sangkrah Provinsi : Jawa Tengah,Rembang,Sumber,24,0.0,70.0,0.0,0.0,190.0,0.0,0.0,0.0,0.0,0.0,100.0,0.0
Sangkrah Provinsi : Jawa Tengah,Rembang,Sumber,25,210.0,190.0,270.0,140.0,10.0,0.0,0.0,0.0,0.0,0.0,0.0,460.0
Sangkrah Provinsi : Jawa Tengah,Rembang,Sumber,26,160.0,210.0,80.0,0.0,0.0,0.0,0.0,0.0,0.0,0.0,250.0,210.0
Sangkrah Provinsi : Jawa Tengah,Rembang,Sumber,27,50.0,330.0,110.0,0.0,0.0,0.0,0.0,0.0,0.0,0.0,0.0,160.0
Sangkrah Provinsi : Jawa Tengah,Rembang,Sumber,28,10.0,80.0,50.0,210.0,0.0,0.0,0.0,0.0,0.0,0.0,0.0,110.0
Sangkrah Provinsi : Jawa Tengah,Rembang,Sumber,29,120.0,0.0,60.0,120.0,0.0,0.0,0.0,0.0,0.0,0.0,170.0,580.0
Sangkrah Provinsi : Jawa Tengah,Rembang,Sumber,30,0.0,0.0,20.0,0.0,0.0,0.0,0.0,0.0,0.0,0.0,230.0,100.0
Sangkrah Provinsi : Jawa Tengah,Rembang,Sumber,31,0.0,0.0,10.0,0.0,0.0,0.0,0.0,0.0,0.0,0.0,0.0,270.0
Sidorejo - Nglese Provinsi : Jawa Tengah,Grobogan,-,1,220.0,50.0,130.0,240.0,0.0,0.0,0.0,0.0,0.0,0.0,20.0,70.0
Sidorejo - Nglese Provinsi : Jawa Tengah,Grobogan,-,2,0.0,100.0,290.0,70.0,0.0,0.0,0.0,0.0,0.0,0.0,0.0,330.0
Sidorejo - Nglese Provinsi : Jawa Tengah,Grobogan,-,3,80.0,160.0,120.0,50.0,0.0,0.0,0.0,0.0,0.0,0.0,0.0,940.0
Sidorejo - Nglese Provinsi : Jawa Tengah,Grobogan,-,4,130.0,0.0,0.0,0.0,270.0,0.0,0.0,0.0,0.0,0.0,810.0,240.0
Sidorejo - Nglese Provinsi : Jawa Tengah,Grobogan,-,5,150.0,430.0,0.0,0.0,0.0,150.0,0.0,0.0,0.0,0.0,180.0,0.0
Sidorejo - Nglese Provinsi : Jawa Tengah,Grobogan,-,6,290.0,0.0,500.0,50.0,90.0,0.0,0.0,0.0,0.0,0.0,80.0,90.0
Sidorejo - Nglese Provinsi : Jawa Tengah,Grobogan,-,7,210.0,600.0,0.0,0.0,510.0,0.0,0.0,0.0,0.0,0.0,0.0,0.0
Sidorejo - Nglese Provinsi : Jawa Tengah,Grobogan,-,8,600.0,0.0,0.0,0.0,80.0,400.0,0.0,0.0,0.0,70.0,0.0,0.0
Sidorejo - Nglese Provinsi : Jawa Tengah,Grobogan,-,9,400.0,0.0,0.0,0.0,0.0,0.0,0.0,0.0,0.0,0.0,0.0,240.0
Sidorejo - Nglese Provinsi : Jawa Tengah,Grobogan,-,10,50.0,0.0,50.0,100.0,0.0,0.0,0.0,0.0,0.0,0.0,0.0,0.0
Sidorejo - Nglese Provinsi : Jawa Tengah,Grobogan,-,11,0.0,180.0,0.0,320.0,0.0,0.0,0.0,0.0,0.0,0.0,0.0,0.0
Sidorejo - Nglese Provinsi : Jawa Tengah,Grobogan,-,12,0.0,0.0,70.0,0.0,30.0,10.0,0.0,0.0,0.0,0.0,50.0,0.0
Sidorejo - Nglese Provinsi : Jawa Tengah,Grobogan,-,13,0.0,0.0,0.0,0.0,0.0,0.0,0.0,0.0,0.0,0.0,40.0,0.0
Sidorejo - Nglese Provinsi : Jawa Tengah,Grobogan,-,14,0.0,60.0,0.0,0.0,0.0,0.0,0.0,0.0,0.0,170.0,0.0,0.0
Sidorejo - Nglese Provinsi : Jawa Tengah,Grobogan,-,15,0.0,50.0,60.0,0.0,0.0,0.0,0.0,0.0,0.0,0.0,40.0,0.0
Sidorejo - Nglese Provinsi : Jawa Tengah,Grobogan,-,16,320.0,390.0,0.0,0.0,0.0,0.0,0.0,0.0,0.0,0.0,0.0,0.0
Sidorejo - Nglese Provinsi : Jawa Tengah,Grobogan,-,17,170.0,50.0,0.0,0.0,0.0,0.0,0.0,0.0,0.0,0.0,0.0,0.0
Sidorejo - Nglese Provinsi : Jawa Tengah,Grobogan,-,18,70.0,400.0,0.0,0.0,0.0,0.0,0.0,0.0,0.0,0.0,0.0,0.0
Sidorejo - Nglese Provinsi : Jawa Tengah,Grobogan,-,19,100.0,100.0,0.0,0.0,0.0,0.0,0.0,0.0,0.0,0.0,0.0,0.0
Sidorejo - Nglese Provinsi : Jawa Tengah,Grobogan,-,20,0.0,40.0,0.0,0.0,0.0,0.0,0.0,0.0,0.0,140.0,0.0,0.0
Sidorejo - Nglese Provinsi : Jawa Tengah,Grobogan,-,21,0.0,0.0,250.0,0.0,0.0,0.0,0.0,0.0,0.0,0.0,0.0,0.0
Sidorejo - Nglese Provinsi : Jawa Tengah,Grobogan,-,22,30.0,100.0,0.0,60.0,0.0,0.0,0.0,0.0,0.0,0.0,140.0,0.0
Sidorejo - Nglese Provinsi : Jawa Tengah,Grobogan,-,23,0.0,0.0,0.0,30.0,0.0,0.0,0.0,0.0,0.0,0.0,150.0,0.0
Sidorejo - Nglese Provinsi : Jawa Tengah,Grobogan,-,24,0.0,0.0,0.0,0.0,0.0,0.0,0.0,0.0,0.0,0.0,0.0,0.0
Sidorejo - Nglese Provinsi : Jawa Tengah,Grobogan,-,25,150.0,0.0,40.0,0.0,0.0,0.0,0.0,0.0,0.0,0.0,20.0,0.0
Sidorejo - Nglese Provinsi : Jawa Tengah,Grobogan,-,26,30.0,0.0,20.0,0.0,0.0,0.0,0.0,0.0,0.0,0.0,0.0,0.0
Sidorejo - Nglese Provinsi : Jawa Tengah,Grobogan,-,27,210.0,0.0,0.0,610.0,0.0,0.0,0.0,0.0,0.0,0.0,0.0,100.0
Sidorejo - Nglese Provinsi : Jawa Tengah,Grobogan,-,28,160.0,0.0,130.0,0.0,0.0,0.0,0.0,0.0,0.0,0.0,270.0,0.0
Sidorejo - Nglese Provinsi : Jawa Tengah,Grobogan,-,29,0.0,0.0,180.0,30.0,0.0,0.0,0.0,0.0,0.0,0.0,80.0,210.0
Sidorejo - Nglese Provinsi : Jawa Tengah,Grobogan,-,30,0.0,0.0,0.0,0.0,0.0,0.0,0.0,0.0,0.0,0.0,390.0,40.0
Sidorejo - Nglese Provinsi : Jawa Tengah,Grobogan,-,31,0.0,0.0,0.0,0.0,0.0,0.0,0.0,0.0,0.0,0.0,0.0,140.0
Wilalung Provinsi : Jawa Tengah,Kudus,Undaan,1,620.0,115.0,10.0,0.0,0.0,0.0,0.0,0.0,0.0,0.0,0.0,400.0
Wilalung Provinsi : Jawa Tengah,Kudus,Undaan,2,66.0,25.0,315.0,7.0,0.0,0.0,0.0,0.0,0.0,0.0,0.0,560.0
Wilalung Provinsi : Jawa Tengah,Kudus,Undaan,3,35.0,287.0,520.0,0.0,113.0,0.0,0.0,0.0,0.0,0.0,350.0,200.0
Wilalung Provinsi : Jawa Tengah,Kudus,Undaan,4,212.0,0.0,0.0,0.0,0.0,0.0,0.0,0.0,0.0,0.0,130.0,550.0
Wilalung Provinsi : Jawa Tengah,Kudus,Undaan,5,60.0,110.0,240.0,0.0,15.0,0.0,0.0,0.0,0.0,0.0,40.0,850.0
Wilalung Provinsi : Jawa Tengah,Kudus,Undaan,6,520.0,40.0,0.0,58.0,5.0,5.0,0.0,0.0,0.0,0.0,110.0,0.0
Wilalung Provinsi : Jawa Tengah,Kudus,Undaan,7,0.0,60.0,135.0,0.0,0.0,190.0,0.0,0.0,0.0,0.0,380.0,50.0
Wilalung Provinsi : Jawa Tengah,Kudus,Undaan,8,137.0,476.0,27.0,310.0,342.0,132.0,0.0,0.0,0.0,0.0,10.0,50.0
Wilalung Provinsi : Jawa Tengah,Kudus,Undaan,9,70.0,33.0,220.0,0.0,0.0,0.0,0.0,0.0,0.0,0.0,0.0,0.0
Wilalung Provinsi : Jawa Tengah,Kudus,Undaan,10,0.0,0.0,0.0,0.0,0.0,0.0,0.0,0.0,0.0,0.0,0.0,0.0
Wilalung Provinsi : Jawa Tengah,Kudus,Undaan,11,0.0,787.0,180.0,0.0,5.0,0.0,0.0,0.0,0.0,0.0,80.0,0.0
Wilalung Provinsi : Jawa Tengah,Kudus,Undaan,12,0.0,0.0,15.0,0.0,430.0,198.0,0.0,0.0,0.0,0.0,0.0,0.0
Wilalung Provinsi : Jawa Tengah,Kudus,Undaan,13,178.0,0.0,475.0,0.0,0.0,0.0,0.0,0.0,0.0,0.0,130.0,210.0
Wilalung Provinsi : Jawa Tengah,Kudus,Undaan,14,0.0,10.0,116.0,0.0,0.0,0.0,0.0,0.0,0.0,95.0,10.0,20.0
Wilalung Provinsi : Jawa Tengah,Kudus,Undaan,15,327.0,0.0,16.0,153.0,0.0,0.0,0.0,0.0,0.0,0.0,40.0,0.0
Wilalung Provinsi : Jawa Tengah,Kudus,Undaan,16,260.0,30.0,0.0,0.0,0.0,0.0,0.0,0.0,0.0,0.0,110.0,0.0
Wilalung Provinsi : Jawa Tengah,Kudus,Undaan,17,0.0,345.0,420.0,0.0,0.0,0.0,0.0,0.0,0.0,0.0,40.0,0.0
Wilalung Provinsi : Jawa Tengah,Kudus,Undaan,18,80.0,52.0,0.0,0.0,0.0,0.0,0.0,0.0,0.0,0.0,10.0,0.0
Wilalung Provinsi : Jawa Tengah,Kudus,Undaan,19,383.0,5.0,0.0,305.0,0.0,0.0,0.0,0.0,0.0,0.0,0.0,0.0
Wilalung Provinsi : Jawa Tengah,Kudus,Undaan,20,170.0,90.0,0.0,0.0,0.0,0.0,0.0,0.0,0.0,0.0,0.0,0.0
Wilalung Provinsi : Jawa Tengah,Kudus,Undaan,21,0.0,330.0,765.0,0.0,0.0,0.0,0.0,0.0,0.0,0.0,300.0,0.0
Wilalung Provinsi : Jawa Tengah,Kudus,Undaan,22,90.0,560.0,0.0,0.0,0.0,0.0,0.0,0.0,0.0,0.0,0.0,0.0
Wilalung Provinsi : Jawa Tengah,Kudus,Undaan,23,17.0,413.0,0.0,0.0,0.0,0.0,0.0,0.0,0.0,0.0,0.0,240.0
Wilalung Provinsi : Jawa Tengah,Kudus,Undaan,24,150.0,0.0,0.0,0.0,0.0,0.0,0.0,0.0,0.0,0.0,0.0,0.0
Wilalung Provinsi : Jawa Tengah,Kudus,Undaan,25,0.0,0.0,0.0,231.0,0.0,0.0,0.0,0.0,0.0,0.0,430.0,30.0
Wilalung Provinsi : Jawa Tengah,Kudus,Undaan,26,0.0,0.0,0.0,0.0,0.0,0.0,0.0,0.0,0.0,0.0,80.0,0.0
Wilalung Provinsi : Jawa Tengah,Kudus,Undaan,27,470.0,0.0,35.0,270.0,0.0,0.0,0.0,0.0,0.0,0.0,0.0,150.0
Wilalung Provinsi : Jawa Tengah,Kudus,Undaan,28,0.0,0.0,5.0,0.0,0.0,0.0,0.0,0.0,0.0,0.0,190.0,110.0
Wilalung Provinsi : Jawa Tengah,Kudus,Undaan,29,75.0,0.0,0.0,73.0,0.0,0.0,0.0,0.0,0.0,0.0,170.0,210.0
Wilalung Provinsi : Jawa Tengah,Kudus,Undaan,30,0.0,0.0,0.0,30.0,0.0,0.0,0.0,0.0,0.0,0.0,150.0,50.0
Wilalung Provinsi : Jawa Tengah,Kudus,Undaan,31,0.0,0.0,339.0,0.0,0.0,0.0,0.0,0.0,0.0,0.0,0.0,230.0
